Rank,Ticker,Sector,Industry,Exchange,Relative Strength,Percentile,1 Month Ago,3 Months Ago,6 Months Ago,Market Cap,Close
1,NEON,Technology,Electronic Components,NASDAQ,570.87,99,99,55,6,30719000.0,12.119999885559082
2,WGS,Healthcare,Health Information Services,NASDAQ,546.43,99,99,99,98,671555136.0,39.06999969482422
4,SEZL,Financial Services,Credit Services,NASDAQ,467.31,99,99,99,99,469543264.0,176.97000122070312
7,NISN,Financial Services,Credit Services,NASDAQ,416.64,99,99,32,92,13619664.0,16.649999618530273
9,INSG,Technology,Communication Equipment,NASDAQ,403.66,99,99,99,19,103737712.0,18.549999237060547
18,LENZ,Healthcare,Biotechnology,NASDAQ,290.65,99,99,99,99,467792032.0,21.690000534057617
19,ADMA,Healthcare,Biotechnology,NASDAQ,287.94,99,99,99,94,2461811456.0,19.290000915527344
21,RAIL,Industrials,Railroads,NASDAQ,276.08,99,98,73,87,67358160.0,10.25
22,RNA,Healthcare,Biotechnology,NASDAQ,273.89,99,99,99,98,4130786048.0,44.0
23,LBPH,Healthcare,Biotechnology,NASDAQ,273.88,99,99,99,98,738721920.0,32.65999984741211
25,HROW,Healthcare,Drug Manufacturers - Specialty & Generic,NASDAQ,267.02,99,99,95,26,624490496.0,45.90999984741211
27,SLNO,Healthcare,Biotechnology,NASDAQ,264.9,99,99,99,99,1734692864.0,46.880001068115234
28,AEYE,Technology,Software - Application,NASDAQ,262.29,99,99,99,96,212526320.0,23.57999992370605
31,QTTB,Healthcare,Biotechnology,NASDAQ,256.9,99,98,77,90,217226800.0,44.369998931884766
32,BYRN,Industrials,Aerospace & Defense,NASDAQ,252.45,99,94,97,98,240324800.0,18.299999237060547
35,AKA,Consumer Cyclical,Internet Retail,NYSE,245.78,99,98,98,93,150772864.0,26.270000457763672
38,ZETA,Technology,Software—Application,NYSE,238.15,99,98,97,78,3581592576.0,30.239999771118164
44,CDNA,Healthcare,Diagnostics & Research,NASDAQ,229.85,99,99,96,62,734330176.0,28.700000762939453
48,WLFC,Industrials,Rental & Leasing Services,NASDAQ,222.87,99,98,95,56,410781888.0,134.6300048828125
49,GDS,Technology,Information Technology Services,NASDAQ,219.89,99,97,65,15,1717016704.0,21.530000686645508
53,BVS,Healthcare,Medical Devices,NASDAQ,214.64,99,98,93,96,371476640.0,11.4399995803833
55,CVNA,Consumer Cyclical,Auto & Truck Dealerships,NYSE,209.41,99,99,99,99,12955388928.0,172.6999969482422
60,EWTX,Healthcare,Biotechnology,NASDAQ,201.76,99,97,97,98,1511381888.0,25.920000076293945
61,CAVA,Consumer Cyclical,Restaurants,NYSE,201.44,98,98,98,94,10877130752.0,127.44000244140624
62,TLN,,,NASDAQ,201.39,98,97,96,91,,185.32000732421875
64,APP,Technology,Software - Application,NASDAQ,200.03,98,95,98,98,26597492736.0,129.0800018310547
65,HRTG,Financial Services,Insurance—Property & Casualty,NYSE,199.19,98,98,62,98,229773744.0,15.960000038146973
66,APLT,Healthcare,Biotechnology,NASDAQ,197.72,98,98,96,99,514201504.0,8.104999542236328
70,CMPO,Industrials,Metal Fabrication,NASDAQ,195.07,98,98,66,72,518202016.0,13.75
71,FTAI,Industrials,Rental & Leasing Services,NASDAQ,194.83,98,98,99,97,9574752256.0,130.1199951171875
72,SPRY,Healthcare,Biotechnology,NASDAQ,194.32,98,97,92,94,878840320.0,13.68000030517578
74,PLSE,Healthcare,Medical Instruments & Supplies,NASDAQ,191.99,98,98,95,84,640242240.0,17.139999389648438
75,DOYU,Communication Services,Internet Content & Information,NASDAQ,191.96,98,98,88,15,324264896.0,9.5
78,PNTG,Healthcare,Medical Care Facilities,NASDAQ,189.44,98,98,95,92,680537344.0,36.880001068115234
81,GGAL,Financial Services,Banks - Regional,NASDAQ,187.98,98,96,96,95,6550478336.0,44.36000061035156
83,IDR,Basic Materials,Gold,NYSE MKT,187.32,98,94,95,92,122180440.0,15.6899995803833
84,PI,Technology,Communication Equipment,NASDAQ,186.71,98,95,97,92,4079125504.0,212.75
88,AXGN,Healthcare,Medical Devices,NASDAQ,185.0,98,97,50,70,312487904.0,14.369999885559082
90,PRM,Basic Materials,Specialty Chemicals,NYSE,184.75,98,97,91,92,1159015168.0,13.050000190734863
94,SG,Consumer Cyclical,Restaurants,NYSE,181.06,98,98,98,98,3552299776.0,36.5
96,TPC,Industrials,Engineering & Construction,NYSE,180.03,98,98,98,97,1027907392.0,25.549999237060547
97,PPTA,Basic Materials,Other Precious Metals & Mining,NASDAQ,179.94,98,98,92,88,443103200.0,8.770000457763672
98,GATO,Basic Materials,Other Precious Metals & Mining,NYSE,179.87,98,97,97,95,744387584.0,16.260000228881836
99,INLX,Technology,Software—Application,NYSE MKT,179.32,98,96,89,81,24188086.0,12.0
100,BMA,Financial Services,Banks - Regional,NYSE,178.8,98,95,98,98,5020511232.0,69.19999694824219
101,KYMR,Healthcare,Biotechnology,NASDAQ,178.76,98,97,84,94,1914379008.0,52.400001525878906
102,LWAY,Consumer Defensive,Packaged Foods,NASDAQ,178.63,98,87,67,97,192519872.0,26.56999969482422
104,TREE,Financial Services,Financial Conglomerates,NASDAQ,177.9,98,98,95,95,551858368.0,57.97999954223633
106,TISI,Industrials,Specialty Business Services,NYSE,177.33,98,94,84,85,34924232.0,15.1899995803833
108,SOC,Energy,Oil & Gas Drilling,NYSE,175.63,98,79,92,37,914527744.0,24.729999542236328
115,USAP,Basic Materials,Steel,NASDAQ,174.14,98,98,94,96,306204480.0,40.369998931884766
116,INSM,Healthcare,Biotechnology,NASDAQ,173.92,98,99,99,74,10697345024.0,72.62999725341797
117,BNTC,Healthcare,Biotechnology,NASDAQ,173.21,98,98,97,93,67914232.0,8.9399995803833
120,RYAM,Basic Materials,Chemicals,NYSE,172.62,97,97,89,58,382308672.0,8.600000381469727
121,UG,Consumer Defensive,Household & Personal Products,NASDAQ,172.62,97,96,82,39,41119164.0,15.609999656677246
123,CRS,Industrials,Metal Fabrication,NYSE,172.28,97,97,96,80,4986626048.0,159.9199981689453
125,CLPT,Healthcare,Medical Devices,NASDAQ,170.76,97,98,25,51,143956576.0,11.399999618530272
126,POWL,Industrials,Electrical Equipment & Parts,NASDAQ,170.48,97,93,95,97,1969235968.0,218.30999755859372
127,RDFN,Real Estate,Real Estate Services,NASDAQ,169.86,97,96,18,11,729967808.0,12.979999542236328
128,BBAR,Financial Services,Banks - Regional,NYSE,169.49,97,95,96,96,2783302912.0,11.420000076293944
129,TAYD,Industrials,Specialty Industrial Machinery,NASDAQ,169.31,97,96,94,98,138021552.0,61.68000030517578
135,HBB,Consumer Cyclical,"Furnishings, Fixtures & Appliances",NYSE,168.2,97,97,72,96,248969600.0,30.809999465942383
137,SKE,Basic Materials,Other Industrial Metals & Mining,NYSE,167.47,97,97,75,37,414253632.0,8.680000305175781
138,NRIX,Healthcare,Biotechnology,NASDAQ,167.15,97,99,97,94,1126084736.0,24.280000686645508
140,PRAX,Healthcare,Biotechnology,NASDAQ,165.67,97,96,94,98,644796736.0,59.06999969482422
141,IESC,Industrials,Engineering & Construction,NASDAQ,165.48,97,97,96,97,2759391488.0,188.66000366210935
145,PCT,Industrials,Pollution & Treatment Controls,NASDAQ,164.13,97,56,48,68,1009188096.0,10.170000076293944
149,PTGX,Healthcare,Biotechnology,NASDAQ,163.03,97,96,93,84,1911472000.0,46.58000183105469
150,MOD,Consumer Cyclical,Auto Parts,NYSE,162.67,97,95,97,98,5115531776.0,133.69000244140625
151,VHI,Basic Materials,Chemicals,NYSE,162.66,97,98,83,72,553888832.0,29.51000022888184
152,CNTA,Healthcare,Biotechnology,NASDAQ,162.37,97,96,77,96,962569728.0,15.520000457763672
153,VRNA,Healthcare,Biotechnology,NASDAQ,162.25,97,97,24,22,1025684736.0,29.65999984741211
154,ZIM,Industrials,Marine Shipping,NYSE,162.15,97,95,98,26,2471393536.0,23.65999984741211
160,MMYT,Consumer Cyclical,Travel Services,NASDAQ,160.71,97,97,97,97,8979321856.0,108.16000366210938
161,PLTR,Technology,Software—Infrastructure,NYSE,160.57,97,94,92,94,57498558464.0,36.900001525878906
162,BKTI,Technology,Communication Equipment,NYSE MKT,160.37,97,95,33,74,47622796.0,23.479999542236328
167,APGE,Healthcare,Biotechnology,NASDAQ,159.25,97,95,66,95,2050096768.0,59.91999816894531
168,SN,Consumer Cyclical,"Furnishings, Fixtures & Appliances",NYSE,159.03,97,96,90,74,10521380864.0,106.38999938964844
172,TMDX,Healthcare,Medical Devices,NASDAQ,158.74,97,97,98,55,4765039104.0,156.0
177,COE,Consumer Defensive,Education & Training Services,NYSE MKT,158.18,97,97,96,25,52868228.0,16.0
178,SFM,Consumer Defensive,Grocery Stores,NASDAQ,158.17,97,97,97,91,7812086784.0,108.68000030517578
180,SMTC,Technology,Semiconductors,NASDAQ,157.66,97,92,76,87,2066969216.0,47.59999847412109
183,VBFC,Financial Services,Banks—Regional,NASDAQ,156.02,96,56,47,37,72504672.0,77.0
185,PCVX,Healthcare,Biotechnology,NASDAQ,155.49,96,84,89,83,7860438528.0,115.6500015258789
189,CHCI,Real Estate,Real Estate - Diversified,NASDAQ,153.92,96,89,91,66,62093432.0,9.25
191,TVTX,Healthcare,Biotechnology,NASDAQ,153.8,96,74,34,9,553457856.0,14.5600004196167
192,SE,Consumer Cyclical,Internet Retail,NYSE,153.77,96,96,94,59,43810652160.0,92.8499984741211
195,COHR,Technology,Scientific & Technical Instruments,NYSE,153.21,96,96,95,90,11195210752.0,89.7300033569336
200,SNCR,Technology,Software—Infrastructure,NASDAQ,152.12,96,95,83,66,93892136.0,13.119999885559082
202,PRCT,Healthcare,Medical Devices,NASDAQ,151.94,96,96,95,83,3188300288.0,79.30999755859375
204,NMM,Industrials,Marine Shipping,NYSE,151.66,96,95,97,95,1481148544.0,61.220001220703125
205,NGNE,Healthcare,Biotechnology,NASDAQ,151.18,96,96,96,98,393562688.0,40.68000030517578
206,BOOT,Consumer Cyclical,Apparel Retail,NYSE,151.11,96,93,94,80,4067703552.0,166.4600067138672
209,FLXS,Consumer Cyclical,"Furnishings, Fixtures & Appliances",NASDAQ,150.54,96,95,89,97,171704448.0,43.6400032043457
210,THC,Healthcare,Medical Care Facilities,NYSE,150.43,96,96,95,90,13456809984.0,166.3300018310547
211,CTBB,,,NYSE,150.33,96,92,42,24,,16.809999465942383
212,ERJ,Industrials,Aerospace & Defense,NYSE,150.16,96,95,92,94,4982641152.0,36.619998931884766
215,USLM,Basic Materials,Building Materials,NASDAQ,149.33,96,93,94,91,1876369280.0,94.2300033569336
216,AGX,Industrials,Engineering & Construction,NYSE,149.09,96,93,95,69,1036293632.0,95.27999877929688
217,LFVN,Consumer Defensive,Packaged Foods,NASDAQ,149.01,96,90,76,82,84967016.0,10.880000114440918
218,TELZ,,,NYSE MKT,148.7,96,96,87,30,,24.0
219,DCTH,Healthcare,Medical Devices,NASDAQ,148.66,96,97,97,55,212283504.0,8.9399995803833
220,NEXN,Communication Services,Advertising Agencies,NASDAQ,148.59,96,95,75,54,441106432.0,8.1899995803833
221,PHAT,Healthcare,Biotechnology,NASDAQ,148.52,96,89,41,46,694812800.0,17.219999313354492
222,IPX,Basic Materials,Other Industrial Metals & Mining,NASDAQ,148.47,96,89,91,96,330652416.0,19.84000015258789
224,RSI,Consumer Cyclical,Gambling,NYSE,148.41,96,94,98,96,2178609920.0,10.600000381469728
225,NVDA,Technology,Semiconductors,NASDAQ,148.41,96,97,98,97,3335037648896.0,120.87000274658205
226,CTDD,,,NYSE,148.38,96,93,44,24,,17.15999984741211
227,BWIN,Financial Services,Insurance Brokers,NASDAQ,148.36,96,95,92,76,2213762816.0,49.18000030517578
231,QTWO,Technology,Software—Application,NYSE,147.46,96,95,95,93,3477957888.0,78.48999786376953
232,YOU,Technology,Software—Application,NYSE,147.43,96,94,35,32,2644595712.0,32.959999084472656
234,NMRK,Real Estate,Real Estate Services,NASDAQ,147.34,96,94,84,89,2430948608.0,15.5600004196167
235,FIP,Industrials,Conglomerates,NASDAQ,147.33,96,97,98,96,851178752.0,8.899999618530273
237,CLMB,Technology,Electronics & Computer Distribution,NASDAQ,147.13,96,97,77,89,257776016.0,95.83999633789062
240,CLBT,Technology,Software - Infrastructure,NASDAQ,146.76,96,96,91,91,2459457792.0,16.860000610351562
244,WVE,Healthcare,Biotechnology,NASDAQ,145.8,95,48,40,77,722513984.0,8.1899995803833
245,LMB,Industrials,Building Products & Equipment,NASDAQ,145.71,95,90,96,90,638443200.0,73.83000183105469
246,ZVRA,Healthcare,Biotechnology,NASDAQ,145.55,95,90,38,27,194200240.0,8.270000457763672
247,ESOA,Industrials,Engineering & Construction,NASDAQ,145.48,95,97,94,98,127548672.0,9.6899995803833
249,CDRO,Consumer Cyclical,Gambling,NASDAQ,145.45,95,95,98,98,337469344.0,8.0600004196167
250,ACLX,Healthcare,Biotechnology,NASDAQ,145.03,95,91,81,94,2878974976.0,84.43499755859375
251,LNTH,Healthcare,Drug Manufacturers—Specialty & Generic,NASDAQ,144.87,95,92,84,19,5623330816.0,111.76000213623048
253,NTRA,Healthcare,Diagnostics & Research,NASDAQ,144.34,95,94,97,95,13261495296.0,123.08000183105467
256,RDNT,Healthcare,Diagnostics & Research,NASDAQ,144.04,95,94,95,92,4309426176.0,69.83000183105469
257,OCUL,Healthcare,Biotechnology,NASDAQ,143.81,95,98,90,96,850340544.0,8.59000015258789
258,SPOT,Communication Services,Internet Content & Information,NYSE,143.66,95,94,96,95,61507686400.0,380.3599853515625
263,UI,Technology,Communication Equipment,NYSE,142.65,95,93,67,12,8738486272.0,219.9600067138672
264,LE,Consumer Cyclical,Apparel Retail,NASDAQ,142.5,95,95,94,84,450680416.0,16.709999084472656
265,CVLT,Technology,Software - Application,NASDAQ,142.37,95,96,94,89,5123945472.0,152.36000061035156
266,CSWI,Industrials,Specialty Industrial Machinery,NASDAQ,142.31,95,93,91,85,4174777088.0,366.9700012207031
267,EVER,Communication Services,Internet Content & Information,NASDAQ,142.25,95,98,98,97,663600512.0,21.440000534057617
270,GBNY,Financial Services,Banks—Regional,NASDAQ,142.17,95,59,50,72,22911196.0,15.75
271,NGVC,Consumer Defensive,Grocery Stores,NYSE,142.16,95,93,94,85,478401984.0,27.76000022888184
272,SEI,,,NYSE,142.12,95,91,46,52,,13.920000076293944
273,ANAB,Healthcare,Biotechnology,NASDAQ,142.02,95,97,85,41,625322752.0,34.880001068115234
275,ALHC,Healthcare,Healthcare Plans,NASDAQ,141.77,95,88,89,9,1443544960.0,11.050000190734863
276,HMY,Basic Materials,Gold,NYSE,141.74,95,95,96,96,5547788288.0,10.800000190734863
278,EAT,Consumer Cyclical,Restaurants,NYSE,141.39,95,94,97,86,3028023296.0,77.16000366210938
280,RVLV,Consumer Cyclical,Internet Retail,NYSE,141.19,95,90,34,70,1125290112.0,25.88999938964844
281,ICUI,Healthcare,Medical Instruments & Supplies,NASDAQ,141.02,95,93,51,22,2914417152.0,177.61000061035156
282,UFPT,Healthcare,Medical Devices,NASDAQ,140.97,95,95,90,92,1922454912.0,335.1000061035156
283,HOV,Consumer Cyclical,Residential Construction,NYSE,140.92,95,97,73,91,853314688.0,215.4199981689453
284,JXN,Financial Services,Insurance—Life,NYSE,140.69,95,96,96,95,5450616832.0,89.62999725341797
286,TGTX,Healthcare,Biotechnology,NASDAQ,140.57,95,96,86,39,2457233664.0,23.309999465942383
288,ARIS,Utilities,Utilities - Regulated Water,NYSE,140.37,95,94,93,93,828962880.0,18.82999992370605
289,STEP,Financial Services,Asset Management,NASDAQ,140.08,95,95,94,82,4999408640.0,57.91999816894531
292,FYBR,Communication Services,Telecom Services,NASDAQ,139.78,95,88,88,76,6246111744.0,35.47999954223633
293,WLDN,Industrials,Engineering & Construction,NASDAQ,139.73,95,94,87,91,423770464.0,40.310001373291016
294,DOCS,Healthcare,Health Information Services,NYSE,139.72,95,89,58,30,5110340608.0,41.369998931884766
296,SATS,Technology,Communication Equipment,NASDAQ,139.59,95,87,76,22,4626990592.0,25.32999992370605
299,ACIW,Technology,Software - Infrastructure,NASDAQ,139.46,95,95,93,81,3797948928.0,50.20000076293945
300,IOT,Technology,Software—Infrastructure,NYSE,139.2,95,85,66,85,16309366784.0,49.75
301,FHTX,Healthcare,Biotechnology,NASDAQ,139.1,94,91,25,81,289369088.0,9.5600004196167
302,IRM,Real Estate,REIT—Specialty,NYSE,139.07,94,95,91,85,26000896000.0,119.16999816894533
303,ELMD,Healthcare,Medical Devices,NYSE MKT,139.06,94,72,86,89,122478576.0,20.56999969482422
305,PAHC,Healthcare,Drug Manufacturers—Specialty & Generic,NASDAQ,138.93,94,93,91,43,708002880.0,22.040000915527344
306,CDMO,Healthcare,Biotechnology,NASDAQ,138.82,94,83,33,15,472289728.0,11.609999656677246
307,QFIN,Financial Services,Credit Services,NASDAQ,138.8,94,93,83,75,3070924288.0,27.57999992370605
308,TZOO,Communication Services,Advertising Agencies,NASDAQ,138.79,94,91,31,84,103343216.0,13.050000190734863
311,TRAK,Technology,Software—Application,NYSE,138.71,94,92,90,96,291764640.0,19.559999465942383
312,HWM,Industrials,Aerospace & Defense,NYSE,138.69,94,93,93,86,32736276480.0,99.31999969482422
316,PDM,Real Estate,REIT—Office,NYSE,138.28,94,93,75,50,919271232.0,10.15999984741211
319,HWKN,Basic Materials,Specialty Chemicals,NASDAQ,138.13,94,96,93,86,1873532928.0,119.05999755859376
322,SMC,,,NYSE,137.96,94,96,97,94,,35.81999969482422
325,MCY,Financial Services,Insurance—Property & Casualty,NYSE,137.78,94,93,93,94,2833339136.0,64.7300033569336
326,TYRA,Healthcare,Biotechnology,NASDAQ,137.55,94,92,55,79,1050796032.0,23.670000076293945
328,ERIE,Financial Services,Insurance Brokers,NASDAQ,137.36,94,91,81,90,18662264832.0,544.8400268554688
331,RKT,Financial Services,Mortgage Finance,NYSE,137.04,94,96,84,84,28418390016.0,19.459999084472656
332,FICO,Technology,Software—Application,NYSE,136.94,94,92,93,88,35133960192.0,1916.9000244140625
333,KARO,Technology,Software—Application,NASDAQ,136.09,94,90,87,57,1002087040.0,40.54999923706055
335,KGC,Basic Materials,Gold,NYSE,135.97,94,93,95,82,9239027712.0,9.75
336,FIX,Industrials,Engineering & Construction,NYSE,135.96,94,87,92,96,11687848960.0,388.1799926757813
338,HTLF,Financial Services,Banks - Regional,NASDAQ,135.89,94,94,92,44,1832721536.0,56.38999938964844
339,PIPR,Financial Services,Capital Markets,NYSE,135.77,94,94,93,87,3220285184.0,286.9800109863281
341,PPIH,Industrials,Building Products & Equipment,NASDAQ,135.52,94,84,65,27,70157328.0,13.130000114440918
342,DNTH,Healthcare,Biotechnology,NASDAQ,135.46,94,99,99,99,730215552.0,27.850000381469727
343,TATT,Industrials,Aerospace & Defense,NASDAQ,135.35,94,90,95,89,150918784.0,18.1200008392334
345,AXR,Real Estate,Real Estate - Development,NYSE,135.22,94,78,37,75,93671184.0,30.299999237060547
346,SLG,Real Estate,REIT—Office,NYSE,135.12,94,95,93,93,3477626624.0,71.54000091552734
347,GRBK,Consumer Cyclical,Residential Construction,NYSE,135.1,94,93,63,83,2598791680.0,81.8499984741211
350,VNO,Real Estate,REIT—Office,NYSE,134.94,94,92,69,85,5001083904.0,39.380001068115234
351,TERN,Healthcare,Biotechnology,NASDAQ,134.92,94,91,54,22,452092928.0,9.609999656677246
353,VIRT,Financial Services,Capital Markets,NASDAQ,134.69,94,94,83,72,3815098368.0,31.309999465942383
354,STRT,Consumer Cyclical,Auto Parts,NASDAQ,134.65,94,94,71,49,111939528.0,39.09999847412109
355,GWRE,Technology,Software - Application,NYSE,134.62,94,90,92,82,11201702912.0,176.0500030517578
356,ONON,Consumer Cyclical,Footwear & Accessories,NYSE,134.58,94,87,87,71,13484081152.0,50.56999969482422
357,GE,Industrials,Aerospace & Defense,NYSE,134.55,94,90,94,93,180577828864.0,189.66000366210935
358,HLNE,Financial Services,Asset Management,NASDAQ,134.36,94,90,87,82,6516170752.0,166.8800048828125
359,LTH,Consumer Cyclical,Leisure,NYSE,134.35,94,95,81,31,3654587392.0,25.3700008392334
361,MMM,Industrials,Conglomerates,NYSE,134.17,93,94,82,66,55762190336.0,137.22000122070312
364,GVA,Industrials,Engineering & Construction,NYSE,134.02,93,91,90,84,2774896640.0,79.58000183105469
366,WWW,Consumer Cyclical,Footwear & Accessories,NYSE,133.88,93,88,91,48,1028681088.0,16.09000015258789
367,FNKO,Consumer Cyclical,Leisure,NASDAQ,133.86,93,90,90,14,556892608.0,12.039999961853027
369,PETQ,Healthcare,Drug Manufacturers—Specialty & Generic,NASDAQ,133.8,93,94,84,68,660787456.0,30.76000022888184
372,MG,Industrials,Security & Protection Services,NYSE,133.53,93,95,66,88,241542608.0,11.34000015258789
373,PHIN,Consumer Cyclical,Auto Parts,NYSE,133.45,93,92,80,81,1870262016.0,50.70000076293945
374,BELFA,Technology,Electronic Components,NASDAQ,133.41,93,90,91,89,863929984.0,99.94000244140624
376,CNK,Communication Services,Entertainment,NYSE,133.18,93,96,88,77,2416333568.0,27.709999084472656
378,NUVL,Healthcare,Biotechnology,NASDAQ,133.11,93,87,88,94,5041831424.0,101.3000030517578
384,DECA,Financial Services,Shell Companies,NASDAQ,132.83,93,90,26,9,44155148.0,11.4399995803833
385,PWP,Financial Services,Capital Markets,NASDAQ,132.8,93,94,93,90,1369407360.0,19.799999237060547
389,PSFE,Technology,Software—Infrastructure,NYSE,132.19,93,93,91,86,1074468480.0,22.049999237060547
390,TRGP,Energy,Oil & Gas Midstream,NYSE,132.04,93,93,93,89,26586085376.0,156.4600067138672
392,SLVM,Basic Materials,Paper & Paper Products,NYSE,132.01,93,92,92,87,2891284480.0,84.9000015258789
393,DY,Industrials,Engineering & Construction,NYSE,132.0,93,88,94,87,4897549312.0,196.0399932861328
394,TPL,Energy,Oil & Gas E&P,NYSE,131.96,93,92,91,59,16628063232.0,940.5999755859376
395,AGIO,Healthcare,Biotechnology,NASDAQ,131.92,93,93,96,70,2416259072.0,46.59000015258789
396,REVG,Industrials,Farm & Heavy Construction Machinery,NYSE,131.92,93,97,95,95,1426091264.0,27.86000061035156
398,PDEX,Healthcare,Medical Instruments & Supplies,NASDAQ,131.7,93,73,74,49,64791760.0,26.600000381469727
400,CPF,Financial Services,Banks - Regional,NYSE,131.64,93,93,84,65,551933312.0,28.489999771118164
401,FUNC,Financial Services,Banks - Regional,NASDAQ,131.62,93,93,67,81,130313344.0,29.81999969482422
406,COGT,Healthcare,Biotechnology,NASDAQ,131.44,93,79,66,21,929415488.0,10.9399995803833
408,TPG,Financial Services,Asset Management,NASDAQ,131.33,93,89,77,88,14616213504.0,58.68000030517578
410,NECB,Financial Services,Banks—Regional,NASDAQ,131.23,93,90,76,40,235468720.0,24.739999771118164
411,TPB,Consumer Defensive,Tobacco,NYSE,131.15,93,92,86,74,557021952.0,42.220001220703125
413,KKR,Financial Services,Asset Management,NYSE,130.83,93,92,92,92,101859246080.0,132.38999938964844
416,AMRX,Healthcare,Drug Manufacturers - Specialty & Generic,NASDAQ,130.69,93,95,91,96,2074134656.0,8.4399995803833
417,MHK,Consumer Cyclical,"Furnishings, Fixtures & Appliances",NYSE,130.59,93,92,59,83,7120735744.0,157.0800018310547
419,PRG,Industrials,Rental & Leasing Services,NYSE,130.5,93,92,59,63,1537015680.0,49.619998931884766
422,DBD,Technology,Software—Application,NYSE,130.34,92,86,90,78,1504170752.0,44.18000030517578
425,ESEA,Industrials,Marine Shipping,NASDAQ,130.07,92,92,86,91,245501552.0,47.38999938964844
427,HNNA,Financial Services,Asset Management,NASDAQ,129.92,92,93,67,46,54824916.0,9.869999885559082
429,BSRR,Financial Services,Banks - Regional,NASDAQ,129.83,92,93,81,45,310158624.0,29.76000022888184
431,AXON,Industrials,Aerospace & Defense,NASDAQ,129.69,92,91,83,88,22151131136.0,393.6600036621094
432,EVR,Financial Services,Capital Markets,NYSE,129.68,92,92,90,89,7879705600.0,258.3500061035156
433,NU,Financial Services,Banks—Regional,NYSE,129.67,92,93,93,95,55890935808.0,14.800000190734863
436,FSFG,Financial Services,Banks—Regional,NASDAQ,129.6,92,92,81,54,112883824.0,23.82999992370605
438,TGLS,Basic Materials,Building Materials,NYSE,129.58,92,92,72,81,2150098944.0,66.76000213623047
440,ASTH,Healthcare,Medical Care Facilities,NASDAQ,129.45,92,80,69,76,1897170048.0,55.58000183105469
441,JEF,Financial Services,Capital Markets,NYSE,129.43,92,92,89,80,9860045824.0,62.47999954223633
442,TECX,,,NASDAQ,129.42,92,57,70,50,,24.239999771118164
444,LAZ,Financial Services,Capital Markets,NYSE,129.26,92,91,72,79,3398003200.0,51.02999877929688
445,TOL,Consumer Cyclical,Residential Construction,NYSE,129.22,92,92,82,93,12249224192.0,153.32000732421875
446,COKE,Consumer Defensive,Beverages - Non-Alcoholic,NASDAQ,129.19,92,95,94,72,9598002176.0,1293.989990234375
447,AGI,Basic Materials,Gold,NYSE,129.12,92,90,84,76,6162490368.0,20.8799991607666
449,QNST,Communication Services,Advertising Agencies,NASDAQ,128.92,92,89,92,91,896036864.0,19.770000457763672
451,JLL,Real Estate,Real Estate Services,NYSE,128.8,92,91,83,77,10063802368.0,269.42999267578125
454,AEM,Basic Materials,Gold,NYSE,128.7,92,93,86,79,32214157312.0,84.0
456,EOLS,Healthcare,Drug Manufacturers—Specialty & Generic,NASDAQ,128.55,92,89,60,91,666175744.0,15.770000457763672
457,HIW,Real Estate,REIT—Office,NYSE,128.51,92,92,80,69,2831288576.0,33.59000015258789
458,MLI,Industrials,Metal Fabrication,NYSE,128.48,92,93,86,83,6268282368.0,71.43000030517578
459,SITM,Technology,Semiconductors,NASDAQ,128.48,92,78,77,15,2747553280.0,164.86000061035156
461,DGP,,,NYSE ARCA,128.46,92,87,86,84,,68.63999938964844
462,ROAD,Industrials,Engineering & Construction,NASDAQ,128.42,92,90,89,94,3090402816.0,71.22000122070312
463,WAL,Financial Services,Banks—Regional,NYSE,128.35,92,92,85,87,6377628672.0,84.8499984741211
466,BV,Industrials,Specialty Business Services,NYSE,128.3,92,95,94,94,1289924992.0,15.289999961853027
467,UHS,Healthcare,Medical Care Facilities,NYSE,128.17,92,93,82,77,12644933632.0,241.5200042724609
468,SILV,Basic Materials,Other Precious Metals & Mining,NYSE MKT,128.15,92,89,91,75,1189736704.0,9.699999809265137
471,OUT,Real Estate,REIT—Specialty,NYSE,128.07,92,86,63,84,2290885632.0,18.770000457763672
472,IGIC,Financial Services,Insurance—Diversified,NASDAQ,127.98,92,91,85,86,680725760.0,18.88999938964844
473,MHO,Consumer Cyclical,Residential Construction,NYSE,127.88,92,92,71,88,3346577408.0,168.8000030517578
474,INBK,Financial Services,Banks—Regional,NASDAQ,127.85,92,91,85,95,226610160.0,35.38999938964844
475,TSM,Technology,Semiconductors,NYSE,127.79,92,90,95,90,872200536064.0,181.97000122070312
477,LPX,Industrials,Building Products & Equipment,NYSE,127.75,92,88,77,84,6352988160.0,106.80999755859376
481,TIGO,Communication Services,Telecom Services,NASDAQ,127.37,91,89,92,76,4190682112.0,28.649999618530277
485,ANET,Technology,Computer Hardware,NYSE,127.21,91,89,95,92,106649968640.0,385.0700073242188
488,LMNR,Consumer Defensive,Farm Products,NASDAQ,127.07,91,88,81,68,357158144.0,27.13999938964844
490,K,Consumer Defensive,Packaged Foods,NYSE,126.92,91,91,51,35,20102778880.0,80.66999816894531
491,TRUP,Financial Services,Insurance—Specialty,NASDAQ,126.84,91,96,73,29,1177414400.0,42.34999847412109
494,FTDR,Consumer Cyclical,Personal Services,NASDAQ,126.7,91,90,57,41,2746775808.0,48.220001220703125
495,BHE,Technology,Electronic Components,NYSE,126.55,91,88,94,74,1439669248.0,44.470001220703125
499,PATK,Consumer Cyclical,"Furnishings, Fixtures & Appliances",NASDAQ,126.38,91,87,77,89,2385759744.0,142.97999572753906
500,TBBK,Financial Services,Banks—Regional,NASDAQ,126.37,91,89,69,32,1673035136.0,51.61000061035156
501,VCYT,Healthcare,Diagnostics & Research,NASDAQ,126.36,91,89,33,22,1596236160.0,33.72999954223633
502,FRPT,Consumer Defensive,Packaged Foods,NASDAQ,126.31,91,90,95,92,6354631680.0,140.44000244140625
506,VNOM,Energy,Oil & Gas Midstream,NASDAQ,126.2,91,92,85,86,6633830912.0,47.52999877929688
509,FEIM,Technology,Communication Equipment,NASDAQ,126.08,91,96,58,84,86429664.0,11.9399995803833
510,CORT,Healthcare,Biotechnology,NASDAQ,126.02,91,77,83,51,2930752768.0,44.0
512,PRMW,Consumer Defensive,Beverages—Non-Alcoholic,NYSE,125.97,91,81,93,82,3591427328.0,25.46999931335449
513,INTA,Technology,Software—Application,NASDAQ,125.9,91,74,53,20,2383553792.0,50.29999923706055
514,NTGR,Technology,Communication Equipment,NASDAQ,125.84,91,77,62,55,428218752.0,20.770000457763672
515,TRU,Industrials,Consulting Services,NYSE,125.8,91,87,44,71,14040813568.0,105.98999786376952
518,SCVL,Consumer Cyclical,Apparel Retail,NASDAQ,125.75,91,93,88,86,1016263552.0,44.970001220703125
519,CSTL,Healthcare,Diagnostics & Research,NASDAQ,125.75,91,84,79,73,611775552.0,29.25
520,SPXC,Industrials,Building Products & Equipment,NYSE,125.64,91,92,93,89,6120468992.0,161.72999572753906
522,IBCP,Financial Services,Banks—Regional,NASDAQ,125.5,91,93,88,77,503538816.0,33.099998474121094
525,AVGO,Technology,Semiconductors,NASDAQ,125.37,91,90,95,92,839051444224.0,174.83999633789062
527,MPB,Financial Services,Banks—Regional,NASDAQ,125.26,91,91,57,23,345468512.0,29.700000762939453
528,ACR,Real Estate,REIT - Mortgage,NYSE,125.23,91,94,85,91,102189840.0,15.81999969482422
529,RYTM,Healthcare,Biotechnology,NASDAQ,125.21,91,91,92,94,2523668224.0,51.2400016784668
530,DJCO,Technology,Software—Application,NASDAQ,125.2,91,92,83,70,508950304.0,499.0
532,PJT,Financial Services,Capital Markets,NYSE,125.17,91,86,86,71,4205684224.0,135.5500030517578
533,GDDY,Technology,Software - Infrastructure,NYSE,125.13,91,94,94,89,19314552832.0,157.77000427246094
535,AKR,Real Estate,REIT - Retail,NYSE,124.98,91,92,78,62,1897901696.0,23.229999542236328
537,PHM,Consumer Cyclical,Residential Construction,NYSE,124.91,91,89,80,90,23377410048.0,143.25999450683594
538,MEC,Industrials,Metal Fabrication,NYSE,124.76,91,92,88,65,341771200.0,20.15999984741211
539,RMD,Healthcare,Medical Instruments & Supplies,NYSE,124.74,91,81,61,49,31183951872.0,247.1499938964844
541,NWG,Financial Services,Banks—Regional,NYSE,124.73,90,93,91,80,33674817536.0,9.25
542,NRIM,Financial Services,Banks—Regional,NASDAQ,124.72,90,90,89,56,306821568.0,70.61000061035156
543,NHI,Real Estate,REIT—Healthcare Facilities,NYSE,124.71,90,90,86,72,2935516416.0,83.81999969482422
545,TGS,Energy,Oil & Gas Integrated,NYSE,124.68,90,77,92,86,3984815872.0,21.06999969482422
547,ORRF,Financial Services,Banks—Regional,NASDAQ,124.5,90,91,79,67,271501728.0,35.689998626708984
548,PRIM,Industrials,Engineering & Construction,NYSE,124.48,90,89,92,91,2960933632.0,57.540000915527344
549,BWAY,Healthcare,Medical Devices,NASDAQ,124.48,90,95,94,94,102462424.0,8.130000114440918
551,KBH,Consumer Cyclical,Residential Construction,NYSE,124.45,90,91,84,86,5165270528.0,87.43000030517578
552,PLMR,Financial Services,Insurance—Property & Casualty,NASDAQ,124.44,90,91,89,90,2018039680.0,96.19000244140624
553,IRS,Real Estate,Real Estate Services,NYSE,124.42,90,68,75,78,1023360000.0,11.619999885559082
557,PGR,Financial Services,Insurance—Property & Casualty,NYSE,124.33,90,89,88,89,123429109760.0,256.5400085449219
558,PSN,Technology,Information Technology Services,NYSE,124.33,90,88,89,91,8259564032.0,100.97000122070312
559,SBFG,Financial Services,Banks—Regional,NASDAQ,124.19,90,73,55,41,94759440.0,20.0
561,VGR,Consumer Defensive,Tobacco,NYSE,124.0,90,90,43,29,1689105920.0,14.90999984741211
563,TT,Industrials,Building Products & Equipment,NYSE,123.95,90,87,92,90,73582501888.0,383.75
564,LRN,Consumer Defensive,Education & Training Services,NYSE,123.94,90,90,92,85,3005350656.0,85.12000274658203
567,ATMU,Industrials,Pollution & Treatment Controls,NYSE,123.89,90,88,74,87,2360639232.0,37.290000915527344
569,NEM,Basic Materials,Gold,NYSE,123.84,90,90,70,28,48189718528.0,55.84999847412109
571,STRW,Real Estate,REIT—Healthcare Facilities,NYSE MKT,123.68,90,93,96,70,569388608.0,11.619999885559082
572,AAON,Industrials,Building Products & Equipment,NASDAQ,123.67,90,85,84,84,6627713536.0,107.38999938964844
576,RUN,Technology,Solar,NASDAQ,123.53,90,95,24,15,2801820416.0,18.920000076293945
577,ENVA,Financial Services,Credit Services,NYSE,123.51,90,94,68,78,1634150528.0,80.87000274658203
578,ITIC,Financial Services,Insurance—Specialty,NASDAQ,123.48,90,91,83,49,330033440.0,230.6199951171875
579,IIPR,Real Estate,REIT - Industrial,NYSE,123.46,90,91,89,81,3073433856.0,135.89999389648438
580,TTP,Financial Services,Asset Management,NYSE,123.45,90,91,89,74,68839704.0,42.95000076293945
581,MAG,Basic Materials,Silver,NYSE MKT,123.44,90,74,67,67,1253187456.0,15.109999656677246
582,DSP,Technology,Software—Application,NASDAQ,123.39,90,90,94,97,607008384.0,11.18000030517578
583,MPWR,Technology,Semiconductors,NASDAQ,123.37,90,91,93,79,41495801856.0,911.0
587,SOHU,Communication Services,Electronic Gaming & Multimedia,NASDAQ,123.25,90,92,91,49,415091680.0,15.619999885559082
588,CNS,Financial Services,Asset Management,NYSE,123.19,90,88,65,69,3578765568.0,97.1500015258789
589,BSVN,Financial Services,Banks - Regional,NASDAQ,123.18,90,92,86,63,262179664.0,38.5
590,FTLF,Consumer Defensive,Packaged Foods,NASDAQ,123.16,90,90,96,82,127325272.0,33.220001220703125
591,LGND,Healthcare,Biotechnology,NASDAQ,122.98,90,89,83,59,1446796416.0,99.54000091552734
592,NHC,Healthcare,Medical Care Facilities,NYSE MKT,122.96,90,93,92,83,1629904128.0,126.97000122070312
593,WHLRD,Real Estate,REIT—Retail,NASDAQ,122.94,90,85,92,72,16417328.0,20.59000015258789
594,BLFS,Healthcare,Medical Instruments & Supplies,NASDAQ,122.9,90,95,85,48,919533184.0,24.790000915527344
595,FISI,Financial Services,Banks—Regional,NASDAQ,122.89,90,93,71,39,271710976.0,25.26000022888184
597,SAFE,Real Estate,REIT—Diversified,NYSE,122.83,90,87,39,26,1312977152.0,27.15999984741211
600,CWK,Real Estate,Real Estate Services,NYSE,122.71,90,89,73,66,2401575680.0,13.600000381469728
602,CBRE,Real Estate,Real Estate Services,NYSE,122.63,89,88,53,72,27206082560.0,123.36000061035156
604,DOLE,Consumer Defensive,Farm Products,NYSE,122.56,89,88,49,32,1136302592.0,16.90999984741211
605,FINW,Financial Services,Banks—Regional,NASDAQ,122.54,89,83,51,31,129855032.0,14.6899995803833
606,CMCL,Basic Materials,Gold,NYSE MKT,122.53,89,81,32,30,194060432.0,14.239999771118164
607,DCOM,Financial Services,Banks—Regional,NASDAQ,122.52,89,86,57,22,720167424.0,27.989999771118164
611,SASR,Financial Services,Banks—Regional,NASDAQ,122.25,89,91,68,28,1023795008.0,31.709999084472656
613,DHI,Consumer Cyclical,Residential Construction,NYSE,122.12,89,90,53,84,45906092032.0,192.3699951171875
614,DNLI,Healthcare,Biotechnology,NASDAQ,122.1,89,81,56,22,2940597504.0,30.31999969482422
615,GLNG,Energy,Oil & Gas Midstream,NASDAQ,122.08,89,92,92,66,2974931200.0,35.650001525878906
618,MTZ,Industrials,Engineering & Construction,NYSE,121.74,89,85,84,72,8793661440.0,124.0
621,PPC,Consumer Defensive,Packaged Foods,NASDAQ,121.62,89,92,93,88,8418584576.0,43.06999969482422
622,VTR,Real Estate,REIT—Healthcare Facilities,NYSE,121.61,89,88,78,33,20198223872.0,63.959999084472656
623,LOCO,Consumer Cyclical,Restaurants,NASDAQ,121.54,89,90,86,44,319896544.0,13.65999984741211
625,AMRK,Financial Services,Capital Markets,NASDAQ,121.49,89,68,54,48,764915264.0,42.95000076293945
626,ALNY,Healthcare,Biotechnology,NASDAQ,121.38,89,95,93,17,19462060032.0,271.0
628,ELVN,Healthcare,Biotechnology,NASDAQ,121.28,89,86,92,67,962841216.0,24.06999969482422
629,VRNS,Technology,Software—Infrastructure,NASDAQ,121.27,89,89,89,89,4761178112.0,57.04999923706055
630,GIL,Consumer Cyclical,Apparel Manufacturing,NYSE,121.26,89,83,79,71,6391077376.0,46.93000030517578
631,BGC,Financial Services,Capital Markets,NASDAQ,121.26,89,90,91,90,3998595328.0,9.710000038146973
632,BCS,Financial Services,Banks - Diversified,NYSE,121.24,89,91,90,83,39232618496.0,12.220000267028809
634,BFAM,Consumer Cyclical,Personal Services,NYSE,121.21,89,88,75,81,5929189376.0,140.69000244140625
637,TILE,Industrials,Building Products & Equipment,NASDAQ,121.1,89,92,84,94,880048704.0,18.51000022888184
638,STBA,Financial Services,Banks—Regional,NASDAQ,121.08,89,91,74,53,1159312512.0,41.9900016784668
639,AVPT,Technology,Software - Infrastructure,NASDAQ,121.08,89,86,94,82,1806577536.0,11.739999771118164
640,MNDY,Technology,Software—Application,NASDAQ,121.05,89,83,88,85,11011791872.0,281.6400146484375
642,PNRG,Energy,Oil & Gas E&P,NASDAQ,121.01,89,80,55,38,186623904.0,150.72999572753906
643,TAC,Utilities,Utilities—Independent Power Producers,NYSE,120.95,89,69,37,15,2224666112.0,10.220000267028809
645,CUZ,Real Estate,REIT - Office,NYSE,120.86,89,85,58,53,3543859712.0,30.209999084472656
646,LC,Financial Services,Credit Services,NYSE,120.86,89,95,51,67,917851200.0,10.890000343322754
650,EGO,Basic Materials,Gold,NYSE,120.66,89,92,88,88,3030966272.0,17.90999984741211
651,WELL,Real Estate,REIT—Healthcare Facilities,NYSE,120.65,89,85,84,65,61902245888.0,127.5999984741211
652,BURL,Consumer Cyclical,Apparel Retail,NYSE,120.65,89,92,90,78,14923795456.0,273.1700134277344
653,KTB,Consumer Cyclical,Apparel Manufacturing,NYSE,120.63,89,81,89,74,3808702208.0,78.94999694824219
654,PRK,Financial Services,Banks—Regional,NYSE MKT,120.61,89,92,87,69,2217164800.0,169.13999938964844
655,MWA,Industrials,Specialty Industrial Machinery,NYSE,120.54,89,87,84,64,2728091648.0,21.100000381469727
656,ATGE,Consumer Defensive,Education & Training Services,NYSE,120.52,89,89,94,67,2412080896.0,77.41999816894531
657,CPRX,Healthcare,Biotechnology,NASDAQ,120.47,89,88,61,51,1768181632.0,20.5
658,RDVT,Technology,Software—Application,NASDAQ,120.45,89,89,89,44,293146176.0,29.71999931335449
662,URI,Industrials,Rental & Leasing Services,NYSE,120.35,88,86,81,91,43331559424.0,802.260009765625
668,RCL,Consumer Cyclical,Travel Services,NYSE,120.18,88,86,91,90,38983225344.0,179.6300048828125
669,VIST,Energy,Oil & Gas E&P,NYSE,120.11,88,91,93,92,4332943360.0,50.130001068115234
671,RVMD,Healthcare,Biotechnology,NASDAQ,120.06,88,90,90,77,6223271936.0,44.400001525878906
672,NBN,Financial Services,Banks—Regional,NASDAQ,120.04,88,86,85,80,449941728.0,73.25
673,VCTR,Financial Services,Asset Management,NASDAQ,120.0,88,89,91,86,3155254528.0,54.84999847412109
674,UTHR,Healthcare,Biotechnology,NASDAQ,120.0,88,90,93,45,12211878912.0,357.8699951171875
675,BK,Financial Services,Asset Management,NYSE,119.86,88,85,85,80,43881844736.0,71.81999969482422
676,CNX,Energy,Oil & Gas E&P,NYSE,119.86,88,76,74,79,3661022720.0,31.25
677,UWMC,Financial Services,Mortgage Finance,NYSE,119.81,88,93,82,66,11598940160.0,8.630000114440918
678,CRDO,Technology,Semiconductors,NASDAQ,119.78,88,97,97,91,4769730048.0,29.8799991607666
680,PAM,Utilities,Utilities—Independent Power Producers,NYSE,119.74,88,58,54,50,3400353024.0,60.18000030517578
682,CARR,Industrials,Building Products & Equipment,NYSE,119.69,88,79,77,61,59214508032.0,80.41000366210938
683,AFCG,Real Estate,REIT - Specialty,NASDAQ,119.69,88,88,68,60,256892064.0,10.699999809265137
684,RBB,Financial Services,Banks—Regional,NASDAQ,119.65,88,90,87,74,317173184.0,22.86000061035156
685,HEI,Industrials,Aerospace & Defense,NYSE,119.64,88,84,87,59,27616720896.0,265.5799865722656
686,MC,Financial Services,Capital Markets,NYSE,119.61,88,88,74,79,3777344000.0,70.56999969482422
689,EXP,Basic Materials,Building Materials,NYSE,119.32,88,81,53,91,7735806976.0,285.3800048828125
690,RARE,Healthcare,Biotechnology,NASDAQ,119.28,88,89,36,57,3389099264.0,57.47999954223633
691,LMAT,Healthcare,Medical Instruments & Supplies,NASDAQ,119.28,88,90,90,68,1876269440.0,91.12999725341795
692,ALSN,Consumer Cyclical,Auto Parts,NYSE,119.24,88,88,79,91,6584483840.0,92.9800033569336
693,UMBF,Financial Services,Banks—Regional,NASDAQ,119.17,88,89,76,80,3914662656.0,105.08000183105467
695,CBAN,Financial Services,Banks - Regional,NASDAQ,119.09,88,88,78,46,202099488.0,15.289999961853027
696,GRND,Technology,Software - Application,NYSE,119.07,88,95,96,92,1742705920.0,12.130000114440918
697,CWAN,Technology,Software - Application,NYSE,118.95,88,81,55,34,5198721536.0,25.84000015258789
698,EML,Industrials,Tools & Accessories,NASDAQ,118.94,88,88,73,93,150165264.0,32.0099983215332
700,TEVA,Healthcare,Drug Manufacturers—Specialty & Generic,NYSE,118.92,88,92,95,90,19238656000.0,17.729999542236328
701,TWST,Healthcare,Diagnostics & Research,NASDAQ,118.9,88,91,97,92,2911882240.0,46.459999084472656
702,ORCL,Technology,Software—Infrastructure,NYSE,118.84,88,71,85,77,397544488960.0,165.8000030517578
703,MELI,Consumer Cyclical,Internet Retail,NASDAQ,118.82,88,84,80,62,79767289856.0,2111.0
704,OPINL,,,NASDAQ,118.77,88,67,31,22,,14.25
705,UVSP,Financial Services,Banks—Regional,NASDAQ,118.76,88,91,82,41,614120256.0,27.25
706,GLW,Technology,Electronic Components,NYSE,118.76,88,85,85,47,34444648448.0,45.290000915527344
708,SBRA,Real Estate,REIT—Healthcare Facilities,NASDAQ,118.72,88,80,79,73,3347432192.0,18.96999931335449
710,OSPN,Technology,Software—Infrastructure,NASDAQ,118.72,88,90,66,35,482908576.0,16.149999618530273
714,XOMA,Healthcare,Biotechnology,NASDAQ,118.61,88,92,84,88,271063008.0,26.920000076293945
715,AU,Basic Materials,Gold,NYSE,118.6,88,94,88,79,9599055872.0,28.75
716,BNT,,,NYSE,118.6,88,82,74,73,,52.91999816894531
717,GKOS,Healthcare,Medical Devices,NYSE,118.56,88,94,94,88,5711170560.0,127.72000122070312
718,SA,Basic Materials,Gold,NYSE,118.55,88,89,59,88,1279376640.0,17.56999969482422
719,CW,Industrials,Aerospace & Defense,NYSE,118.54,88,85,86,83,10670046208.0,327.3399963378906
721,SFBS,Financial Services,Banks—Regional,NYSE,118.48,87,90,73,73,3274918912.0,80.19000244140625
722,BXP,Real Estate,REIT - Office,NYSE,118.47,87,83,50,55,10934263808.0,82.48999786376953
723,CYD,Consumer Cyclical,Auto Parts,NYSE,118.47,87,75,47,31,369767616.0,12.010000228881836
724,BN,Financial Services,Asset Management,NYSE,118.46,87,83,74,73,64108625920.0,52.79999923706055
726,BKU,Financial Services,Banks - Regional,NYSE,118.37,87,91,78,61,2078986624.0,36.310001373291016
727,EVBN,Financial Services,Banks - Regional,NYSE MKT,118.36,87,84,48,45,150723568.0,38.459999084472656
728,RTX,Industrials,Aerospace & Defense,NYSE,118.35,87,85,77,66,139292753920.0,120.04000091552734
729,ESQ,Financial Services,Banks—Regional,NASDAQ,118.34,87,84,47,44,377488256.0,63.09000015258789
731,SAP,Technology,Software—Application,NYSE,118.24,87,82,89,88,220642000896.0,230.92999267578125
732,EPRT,Real Estate,REIT—Diversified,NYSE,118.21,87,84,77,55,4791079936.0,34.0099983215332
734,META,Communication Services,Internet Content & Information,NASDAQ,118.15,87,86,92,94,1266971312128.0,563.3300170898438
737,CM,Financial Services,Banks - Diversified,NYSE,118.08,87,82,64,73,45134082048.0,61.650001525878906
738,CTRE,Real Estate,REIT - Healthcare Facilities,NYSE,118.07,87,84,79,75,3553020672.0,30.8700008392334
740,KNF,Basic Materials,Building Materials,NYSE,118.01,87,80,79,87,4044762880.0,88.94999694824219
741,BPYPM,,,NASDAQ,117.99,87,76,63,69,,17.989999771118164
743,OMCL,Healthcare,Health Information Services,NASDAQ,117.84,87,85,16,9,1261059328.0,42.93999862670898
745,GPI,Consumer Cyclical,Auto & Truck Dealerships,NYSE,117.79,87,84,59,55,4174211072.0,384.8500061035156
746,ABCB,Financial Services,Banks - Regional,NYSE,117.78,87,89,81,69,3328207360.0,62.34000015258789
747,NLOP,Real Estate,REIT—Office,NYSE,117.76,87,88,67,67,365635520.0,31.43000030517578
750,ASTL,Basic Materials,Steel,NASDAQ,117.66,87,83,28,56,763156608.0,10.210000038146973
751,EBAY,Consumer Cyclical,Internet Retail,NASDAQ,117.64,87,83,78,73,27384098816.0,65.44000244140625
752,CHWY,Consumer Cyclical,Internet Retail,NYSE,117.62,87,88,90,10,11320583168.0,29.520000457763672
754,FSBW,Financial Services,Banks - Regional,NASDAQ,117.52,87,90,75,52,257347600.0,44.4900016784668
755,GHM,Industrials,Specialty Industrial Machinery,NYSE,117.51,87,91,93,97,322421984.0,30.1200008392334
756,PLUS,Technology,Software—Application,NASDAQ,117.51,87,87,59,74,1992284416.0,97.94000244140624
757,WMT,Consumer Defensive,Discount Stores,NYSE,117.49,87,85,86,66,539683520512.0,80.66999816894531
758,SYBT,Financial Services,Banks—Regional,NASDAQ,117.48,87,86,67,38,1348523392.0,61.869998931884766
760,NXRT,Real Estate,REIT—Residential,NYSE,117.41,87,90,80,23,1917479040.0,45.400001525878906
761,ISTR,Financial Services,Banks—Regional,NASDAQ,117.37,87,89,75,82,146946544.0,19.059999465942383
762,TCBX,Financial Services,Banks—Regional,NASDAQ,117.35,87,85,79,61,272104288.0,26.11000061035156
763,PEG,Utilities,Utilities—Regulated Electric,NYSE,117.33,87,78,83,62,36504285184.0,87.72000122070312
764,PHG,Healthcare,Medical Devices,NYSE,117.33,87,83,84,35,24200157184.0,30.799999237060547
766,NWPX,Industrials,Metal Fabrication,NASDAQ,117.29,87,91,61,70,334152032.0,43.650001525878906
767,EQBK,Financial Services,Banks—Regional,NYSE,117.25,87,89,86,78,506548800.0,41.630001068115234
768,IBM,Technology,Information Technology Services,NYSE,117.19,87,78,70,85,156667740160.0,220.97000122070312
770,MSI,Technology,Communication Equipment,NYSE,117.19,87,86,86,74,63979495424.0,450.1300048828125
771,CRVL,Financial Services,Insurance Brokers,NASDAQ,117.12,87,86,72,72,4272573952.0,320.3299865722656
773,CALM,Consumer Defensive,Farm Products,NASDAQ,116.96,87,87,80,72,2889827072.0,74.9000015258789
774,NVR,Consumer Cyclical,Residential Construction,NYSE,116.95,87,87,67,80,23617316864.0,9644.08984375
775,CPNG,Consumer Cyclical,Internet Retail,NYSE,116.95,87,73,83,64,36457115648.0,24.940000534057617
776,FBK,Financial Services,Banks - Regional,NYSE,116.93,87,89,80,66,1724918400.0,46.93999862670898
777,ASA,Financial Services,Asset Management,NYSE,116.92,87,83,81,61,333136576.0,21.3700008392334
778,IDCC,Technology,Software—Application,NASDAQ,116.91,87,86,86,55,2967190016.0,138.85000610351562
780,CBFV,Financial Services,Banks - Regional,NASDAQ,116.88,86,74,64,38,117500416.0,29.0
781,AMAL,Financial Services,Banks - Regional,NASDAQ,116.88,86,92,91,72,762184256.0,31.09000015258789
783,PEGA,Technology,Software—Application,NASDAQ,116.82,86,77,79,84,4832323072.0,72.12000274658203
785,COLB,Financial Services,Banks - Regional,NASDAQ,116.77,86,87,47,23,3902805760.0,26.07999992370605
787,VEON,Communication Services,Telecom Services,NASDAQ,116.76,86,79,86,78,1977555200.0,30.13999938964844
788,ENSG,Healthcare,Medical Care Facilities,NASDAQ,116.66,86,84,76,76,6899067392.0,152.24000549316406
789,UMH,Real Estate,REIT—Residential,NYSE,116.65,86,88,62,63,1063103424.0,19.729999542236328
790,CIGI,Real Estate,Real Estate Services,NASDAQ,116.59,86,83,48,66,5613724672.0,150.97999572753906
791,NTG,Financial Services,Asset Management,NYSE,116.56,86,81,87,73,202184560.0,48.70000076293945
792,AXP,Financial Services,Credit Services,NYSE,116.48,86,84,86,85,164943364096.0,266.2099914550781
794,BELFB,Technology,Electronic Components,NASDAQ,116.46,86,65,73,74,863925824.0,78.47000122070312
796,AAT,Real Estate,REIT - Diversified,NYSE,116.37,86,87,73,59,1679479424.0,27.31999969482422
797,TYL,Technology,Software—Application,NYSE,116.34,86,86,85,51,20252026880.0,585.1500244140625
798,DEI,Real Estate,REIT - Office,NYSE,116.33,86,82,54,51,2664641280.0,17.510000228881836
799,TKO,Communication Services,Entertainment,NYSE,116.32,86,76,86,55,8708075520.0,121.88999938964844
800,USCB,Financial Services,Banks—Regional,NASDAQ,116.3,86,85,80,39,237832768.0,15.4399995803833
801,FBNC,Financial Services,Banks - Regional,NASDAQ,116.27,86,88,43,50,1250750592.0,42.150001525878906
802,CFB,Financial Services,Banks - Regional,NASDAQ,116.27,86,93,79,68,642287808.0,16.93000030517578
803,AWI,Industrials,Building Products & Equipment,NYSE,116.27,86,83,85,91,5009012736.0,132.72000122070312
805,STC,Financial Services,Insurance—Property & Casualty,NYSE,116.25,86,89,83,88,1673308928.0,73.5999984741211
806,CRTO,Communication Services,Advertising Agencies,NASDAQ,116.22,86,94,84,80,2009571968.0,42.040000915527344
807,KNSA,Healthcare,Biotechnology,NASDAQ,116.21,86,93,61,73,1291109760.0,24.450000762939453
808,CTAS,Industrials,Specialty Business Services,NASDAQ,116.17,86,87,87,85,72141209600.0,204.8500061035156
809,PMTS,Financial Services,Credit Services,NASDAQ,116.16,86,84,93,20,294968704.0,27.399999618530277
811,VBNK,Financial Services,Banks—Regional,NASDAQ,116.15,86,91,80,74,276456064.0,13.199999809265137
812,PAAS,Basic Materials,Gold,NYSE,116.13,86,84,90,63,7235447296.0,22.200000762939453
813,HIFS,Financial Services,Banks—Regional,NASDAQ,116.13,86,93,40,23,370969536.0,242.5
814,KGS,Energy,Oil & Gas Equipment & Services,NYSE,116.12,86,82,91,89,2205976576.0,29.450000762939453
816,CNOB,Financial Services,Banks - Regional,NASDAQ,116.08,86,86,48,43,676579200.0,24.739999771118164
817,ALL,Financial Services,Insurance - Property & Casualty,NYSE,116.04,86,85,82,89,42242236416.0,191.82000732421875
819,DORM,Consumer Cyclical,Auto Parts,NASDAQ,116.01,86,85,61,77,2851955456.0,115.3000030517578
820,CACI,Technology,Information Technology Services,NYSE,116.0,86,82,87,70,9629146112.0,493.0499877929688
821,FOXA,Communication Services,Entertainment,NASDAQ,115.97,86,84,69,39,15109886976.0,42.31999969482422
822,TSEM,Technology,Semiconductors,NASDAQ,115.92,86,82,87,47,4333829632.0,43.18999862670898
823,HBNC,Financial Services,Banks—Regional,NASDAQ,115.91,86,90,62,54,518360640.0,15.539999961853027
825,HCA,Healthcare,Medical Care Facilities,NYSE,115.89,86,86,70,78,89218392064.0,401.7999877929688
826,NVEI,Technology,Software—Infrastructure,NASDAQ,115.85,86,90,90,85,4508529152.0,33.34000015258789
827,SHG,Financial Services,Banks—Regional,NYSE,115.85,86,92,81,76,17105216512.0,42.72999954223633
830,PLXS,Technology,Electronic Components,NASDAQ,115.84,86,76,59,34,2823682048.0,131.5500030517578
831,IBP,Consumer Cyclical,Residential Construction,NYSE,115.81,86,83,80,96,5997186048.0,241.2899932861328
832,WAFDP,Financial Services,Banks—Regional,NASDAQ,115.78,86,76,51,61,,19.049999237060547
834,MTH,Consumer Cyclical,Residential Construction,NYSE,115.73,86,86,61,74,5956679168.0,205.3999938964844
836,SMWB,Technology,Software—Application,NYSE,115.69,86,82,78,89,616623040.0,8.699999809265137
837,HLI,Financial Services,Capital Markets,NYSE,115.68,86,85,80,80,9169627136.0,161.97999572753906
838,LII,Industrials,Building Products & Equipment,NYSE,115.66,86,85,89,88,19608436736.0,620.8300170898438
839,WLYB,Communication Services,Publishing,NYSE,115.66,86,78,72,42,1946249856.0,46.7599983215332
841,BVFL,Financial Services,Banks - Regional,NASDAQ,115.64,85,82,44,19,129456608.0,15.3100004196167
843,DTM,Energy,Oil & Gas Midstream,NYSE,115.6,85,86,90,80,6672366592.0,79.05999755859375
845,PFSI,Financial Services,Mortgage Finance,NYSE,115.58,85,81,82,78,4719515648.0,111.6999969482422
846,DDI,Communication Services,Electronic Gaming & Multimedia,NASDAQ,115.44,85,89,92,87,553511488.0,13.890000343322754
847,PLNT,Consumer Cyclical,Leisure,NYSE,115.44,85,85,82,37,6398289408.0,83.5199966430664
848,SFBC,Financial Services,Banks—Regional,NASDAQ,115.44,85,81,66,53,104447480.0,53.02000045776367
849,DVA,Healthcare,Medical Care Facilities,NYSE,115.41,85,84,86,87,12472186880.0,161.57000732421875
851,WAB,Industrials,Railroads,NYSE,115.34,85,75,88,84,28881278976.0,180.6199951171875
855,BALY,Consumer Cyclical,Resorts & Casinos,NYSE,115.17,85,90,27,46,455456256.0,17.260000228881836
857,UVE,Financial Services,Insurance—Property & Casualty,NYSE,115.16,85,78,78,80,546422912.0,22.100000381469727
858,HTBI,Financial Services,Banks - Regional,NASDAQ,115.16,85,90,87,59,496130112.0,34.5
859,BMI,Technology,Scientific & Technical Instruments,NYSE,115.16,85,75,83,61,5600969728.0,218.7100067138672
860,NFLX,Communication Services,Entertainment,NASDAQ,115.15,85,81,92,90,295455883264.0,722.260009765625
861,LDOS,Technology,Information Technology Services,NYSE,115.15,85,83,92,85,19452950528.0,158.4499969482422
864,TYG,Financial Services,Asset Management,NYSE,115.11,85,80,86,66,356210528.0,39.470001220703125
865,FOX,Communication Services,Entertainment,NASDAQ,115.1,85,84,71,36,15109883904.0,38.86000061035156
866,KNTK,Energy,Oil & Gas Midstream,NYSE,115.07,85,76,83,80,2390403328.0,47.40999984741211
867,PH,Industrials,Specialty Industrial Machinery,NYSE,115.05,85,79,72,88,65148432384.0,625.3699951171875
868,FFNW,Financial Services,Banks—Regional,NASDAQ,115.04,85,90,93,93,190919680.0,22.239999771118164
869,OHI,Real Estate,REIT—Healthcare Facilities,NYSE,114.99,85,84,75,57,8320781312.0,41.04999923706055
871,MLAB,Technology,Scientific & Technical Instruments,NASDAQ,114.99,85,78,20,25,492368864.0,129.97999572753906
872,WPM,Basic Materials,Gold,NYSE,114.98,85,85,79,66,24549898240.0,63.470001220703125
874,QCRH,Financial Services,Banks—Regional,NASDAQ,114.89,85,90,76,73,944850176.0,74.16000366210938
875,FITB,Financial Services,Banks - Regional,NASDAQ,114.89,85,89,83,82,24611938304.0,42.81999969482422
876,VZIO,Technology,Consumer Electronics,NYSE,114.87,85,87,92,92,2131800320.0,11.25
877,SMBK,Financial Services,Banks—Regional,NYSE,114.85,85,84,69,27,380327584.0,29.350000381469727
878,CRH,Basic Materials,Building Materials,NYSE,114.79,85,85,74,90,53302857728.0,91.48999786376952
880,HRB,Consumer Cyclical,Personal Services,NYSE,114.73,85,89,88,74,7409042944.0,63.52999877929688
881,SMAR,Technology,Software—Application,NYSE,114.73,85,77,68,25,6002659328.0,55.459999084472656
883,UTI,Consumer Defensive,Education & Training Services,NYSE,114.68,85,87,94,94,772051520.0,16.43000030517578
884,NOW,Technology,Software—Application,NYSE,114.65,85,75,83,84,149963767808.0,923.5999755859376
885,CARG,Consumer Cyclical,Auto & Truck Dealerships,NASDAQ,114.64,85,86,82,62,2637099520.0,30.030000686645508
886,FFIN,Financial Services,Banks—Regional,NASDAQ,114.58,85,81,49,63,4013831936.0,37.459999084472656
887,PNR,Industrials,Specialty Industrial Machinery,NYSE,114.54,85,74,60,84,13213928448.0,96.62000274658205
888,NMIH,Financial Services,Insurance—Specialty,NASDAQ,114.53,85,86,79,75,2625801728.0,41.0099983215332
889,MOFG,Financial Services,Banks—Regional,NASDAQ,114.51,85,88,47,37,332594400.0,28.5
891,JRS,Financial Services,Asset Management,NYSE,114.45,85,83,67,54,216404816.0,9.279999732971191
892,IRT,Real Estate,REIT—Residential,NYSE,114.45,85,87,84,44,4202290176.0,21.020000457763672
893,IBTX,Financial Services,Banks—Regional,NASDAQ,114.42,85,88,68,41,1783784064.0,57.70000076293945
894,CART,Consumer Cyclical,Internet Retail,NASDAQ,114.42,85,69,54,83,8957414400.0,40.08000183105469
895,CR,Industrials,Specialty Industrial Machinery,NYSE,114.34,85,85,90,90,8200443904.0,157.86000061035156
896,TMHC,Consumer Cyclical,Residential Construction,NYSE,114.31,85,86,59,83,5934417920.0,69.5999984741211
898,GCMG,Financial Services,Asset Management,NASDAQ,114.23,85,81,80,76,1818342272.0,11.520000457763672
899,DPG,Financial Services,Asset Management,NYSE,114.22,85,78,73,40,363107968.0,11.770000457763672
900,ALKT,Technology,Software - Application,NASDAQ,114.21,85,90,92,85,2430086400.0,30.799999237060547
901,TPH,Consumer Cyclical,Residential Construction,NYSE,114.2,84,88,68,79,3596063488.0,44.959999084472656
902,HASI,Real Estate,Real Estate Services,NYSE,114.13,84,86,82,73,3566422016.0,34.75
903,CRNX,Healthcare,Biotechnology,NASDAQ,114.11,84,95,93,96,3492687616.0,49.81999969482422
904,OLP,Real Estate,REIT—Diversified,NYSE,114.09,84,87,78,63,496298528.0,27.15999984741211
906,EFX,Industrials,Consulting Services,NYSE,114.02,84,86,56,74,29889140736.0,300.3299865722656
907,ZBRA,Technology,Communication Equipment,NASDAQ,114.0,84,79,71,60,15559511040.0,364.4299926757813
908,SKY,Consumer Cyclical,Residential Construction,NYSE,114.0,84,86,34,73,4208852736.0,92.68000030517578
909,RYAN,Financial Services,Insurance—Specialty,NYSE,114.0,84,85,83,75,14040697856.0,67.5
910,ARBKL,,,NASDAQ,113.96,84,91,88,83,,10.210000038146973
911,AFL,Financial Services,Insurance - Life,NYSE,113.93,84,86,76,68,50566074368.0,109.0999984741211
912,OGCP,Real Estate,REIT—Office,NYSE ARCA,113.93,84,80,77,79,2448228352.0,11.0
914,RQI,Financial Services,Asset Management,NYSE,113.89,84,80,62,53,1535202176.0,14.1899995803833
916,CNO,Financial Services,Insurance - Life,NYSE,113.86,84,84,66,61,2942506752.0,34.66999816894531
917,LLY,Healthcare,Drug Manufacturers—General,NYSE,113.84,84,89,95,92,847248031744.0,924.4299926757812
918,HIG,Financial Services,Insurance—Property & Casualty,NYSE,113.83,84,84,84,87,30317846528.0,116.47000122070312
919,CARE,Financial Services,Banks - Regional,NASDAQ,113.83,84,86,74,23,289299808.0,17.399999618530273
920,LMT,Industrials,Aerospace & Defense,NYSE,113.78,84,80,62,39,110371479552.0,578.6300048828125
924,MLP,Real Estate,Real Estate Services,NYSE,113.73,84,85,90,90,392415712.0,22.43000030517578
925,NSA,Real Estate,REIT—Industrial,NYSE,113.71,84,88,79,47,5383019008.0,48.68000030517578
926,PSA,Real Estate,REIT—Industrial,NYSE,113.69,84,83,53,36,51215052800.0,361.989990234375
927,FNWD,Financial Services,Banks—Regional,NASDAQ,113.64,84,75,61,41,104782176.0,31.350000381469727
928,OKE,Energy,Oil & Gas Midstream,NYSE,113.64,84,79,82,79,46726774784.0,95.2300033569336
929,SMG,Basic Materials,Agricultural Inputs,NYSE,113.64,84,80,58,81,3851546880.0,81.20999908447266
931,CHRW,Industrials,Integrated Freight & Logistics,NASDAQ,113.63,84,78,67,18,10031527936.0,108.87000274658205
932,SHAK,Consumer Cyclical,Restaurants,NYSE,113.61,84,85,72,92,3855798528.0,104.1500015258789
933,RBCAA,Financial Services,Banks—Regional,NASDAQ,113.54,84,87,76,57,997787136.0,63.81999969482422
934,MCBS,Financial Services,Banks—Regional,NASDAQ,113.52,84,87,86,74,626860800.0,30.18000030517578
935,PDLB,Financial Services,Banks—Regional,NASDAQ,113.48,84,81,58,34,199667744.0,11.600000381469728
936,VBTX,Financial Services,Banks—Regional,NASDAQ,113.46,84,82,68,45,1077421952.0,25.8700008392334
937,DKS,Consumer Cyclical,Specialty Retail,NYSE,113.46,84,94,93,93,18552872960.0,216.92999267578125
938,MMSI,Healthcare,Medical Instruments & Supplies,NASDAQ,113.44,84,76,75,35,4726317568.0,99.5999984741211
940,MCB,Financial Services,Banks—Regional,NYSE,113.37,84,83,67,25,439209408.0,51.880001068115234
941,DCOMP,Financial Services,Banks—Regional,NASDAQ,113.3,84,72,57,56,,21.024999618530277
942,T,Communication Services,Telecom Services,NYSE,113.28,84,81,83,57,128059236352.0,21.59000015258789
944,RLTY,Financial Services,Asset Management,NYSE,113.23,84,81,64,59,237792528.0,17.209999084472656
945,ATI,Industrials,Metal Fabrication,NYSE,113.23,84,84,82,75,6869143040.0,64.63999938964844
946,CBT,Basic Materials,Specialty Chemicals,NYSE,113.22,84,79,79,82,5396515840.0,110.22000122070312
947,BANR,Financial Services,Banks - Regional,NASDAQ,113.21,84,88,67,38,1633595264.0,60.06999969482422
949,IIF,Financial Services,Asset Management,NYSE,113.19,84,80,88,71,256330848.0,29.920000076293945
952,LAMR,Real Estate,REIT—Specialty,NASDAQ,113.14,84,72,82,78,11726020608.0,135.5800018310547
953,COOP,Financial Services,Mortgage Finance,NASDAQ,113.14,84,87,89,89,5296766464.0,90.51000213623048
954,TTD,Technology,Software—Application,NASDAQ,113.14,84,81,84,78,45317619712.0,110.79000091552734
955,RACE,Consumer Cyclical,Auto Manufacturers,NYSE,113.11,84,81,79,86,74497785856.0,477.9299926757813
956,HALO,Healthcare,Biotechnology,NASDAQ,113.09,84,92,91,57,6398064128.0,56.20000076293945
957,BDC,Technology,Communication Equipment,NYSE,113.05,84,79,57,51,3906327552.0,116.55999755859376
958,TTEK,Industrials,Engineering & Construction,NASDAQ,113.04,84,85,83,77,10967481344.0,47.09999847412109
959,BOTJ,Financial Services,Banks - Regional,NASDAQ,113.04,84,79,71,32,50022176.0,14.0
960,ETR,Utilities,Utilities - Regulated Electric,NYSE,113.0,83,73,70,53,22645598208.0,130.02999877929688
961,LEN,Consumer Cyclical,Residential Construction,NYSE,113.0,83,86,63,86,40993034240.0,184.22999572753903
962,FBIZ,Financial Services,Banks - Regional,NASDAQ,112.97,83,87,71,55,282230560.0,44.22999954223633
963,FSBC,Financial Services,Banks - Regional,NASDAQ,112.96,83,85,62,39,484392672.0,29.229999542236328
966,NDAQ,Financial Services,Financial Data & Stock Exchanges,NASDAQ,112.89,83,80,68,72,34009681920.0,73.66999816894531
967,WTTR,Basic Materials,Specialty Chemicals,NYSE,112.88,83,84,89,79,1273590400.0,11.520000457763672
968,BGNE,Healthcare,Biotechnology,NASDAQ,112.85,83,68,25,18,17191811072.0,209.30999755859372
970,FNF,Financial Services,Insurance—Specialty,NYSE,112.82,83,84,70,85,13429649408.0,60.75
973,BX,Financial Services,Asset Management,NYSE,112.73,83,81,65,79,148592246784.0,157.5500030517578
974,EFSC,Financial Services,Banks—Regional,NASDAQ,112.73,83,89,55,30,1439681280.0,50.86000061035156
975,TPZ,Financial Services,Asset Management,NYSE,112.71,83,85,79,76,91728800.0,18.36000061035156
976,ISRG,Healthcare,Medical Instruments & Supplies,NASDAQ,112.71,83,87,88,81,154297106432.0,484.3999938964844
977,FSUN,,,NASDAQ,112.69,83,89,64,68,,42.70000076293945
982,FUSB,Financial Services,Banks—Regional,NASDAQ,112.66,83,60,52,38,58755000.0,11.600000381469728
983,MIRM,Healthcare,Biotechnology,NASDAQ,112.63,83,94,87,24,1378640256.0,38.97999954223633
984,PFS,Financial Services,Banks—Regional,NYSE,112.63,83,84,37,24,1743190528.0,18.399999618530277
985,SSB,Financial Services,Banks—Regional,NYSE,112.61,83,82,50,63,5547400704.0,97.33999633789062
986,MFC,Financial Services,Insurance—Life,NYSE,112.59,83,80,88,81,45727088640.0,29.209999084472656
989,PNC,Financial Services,Banks—Regional,NYSE,112.54,83,86,72,75,61468672000.0,184.6199951171875
990,KEY,Financial Services,Banks—Regional,NYSE,112.52,83,87,81,85,12804038656.0,16.6200008392334
991,LOMA,Basic Materials,Building Materials,NYSE,112.5,83,44,50,44,1108717440.0,8.5600004196167
992,GRMN,Technology,Scientific & Technical Instruments,NYSE,112.49,83,88,90,85,30870775808.0,175.80999755859375
993,BABA,Consumer Cyclical,Internet Retail,NYSE,112.42,83,42,38,23,180058423296.0,97.19000244140624
994,GLDD,Industrials,Engineering & Construction,NASDAQ,112.39,83,70,64,73,593702400.0,10.789999961853027
995,UNTY,Financial Services,Banks—Regional,NASDAQ,112.35,83,82,75,55,263225200.0,34.18000030517578
998,HNI,Industrials,Business Equipment & Supplies,NYSE,112.27,83,88,85,85,2067356160.0,52.65999984741211
999,OPBK,Financial Services,Banks—Regional,NASDAQ,112.27,83,89,54,48,139094528.0,12.420000076293944
1000,KVYO,Technology,Software—Infrastructure,NYSE,112.25,83,74,32,27,5942017536.0,34.52000045776367
1001,CRUS,Technology,Semiconductors,NASDAQ,112.21,83,93,95,61,6796256768.0,122.7300033569336
1002,R,Industrials,Rental & Leasing Services,NYSE,112.15,83,84,80,77,5249375232.0,148.4600067138672
1003,AX,Financial Services,Banks - Regional,NYSE,112.12,83,91,86,74,3039785728.0,64.31999969482422
1004,GBCI,Financial Services,Banks—Regional,NYSE,112.11,83,89,65,58,4092209152.0,45.150001525878906
1005,SQSP,Technology,Software—Infrastructure,NYSE,112.1,83,85,90,72,6026641408.0,46.380001068115234
1007,FOUR,Technology,Software—Infrastructure,NYSE,112.08,83,79,75,47,6044120576.0,86.98999786376953
1008,HLN,Healthcare,Drug Manufacturers—Specialty & Generic,NYSE,112.08,83,73,47,40,38629629952.0,10.65999984741211
1009,PYPL,Financial Services,Credit Services,NASDAQ,112.06,83,73,34,46,61842472960.0,78.33999633789062
1010,BBY,Consumer Cyclical,Specialty Retail,NYSE,111.97,83,79,70,56,20197300224.0,98.9800033569336
1013,ACGL,Financial Services,Insurance - Diversified,NASDAQ,111.95,83,77,86,77,37849796608.0,113.3499984741211
1016,ADC,Real Estate,REIT - Retail,NYSE,111.91,83,81,63,28,6223027712.0,74.62000274658203
1017,FCBC,Financial Services,Banks—Regional,NASDAQ,111.91,83,87,78,56,636499392.0,43.119998931884766
1018,LLYVK,Communication Services,Entertainment,NASDAQ,111.9,83,51,45,67,3264321024.0,46.810001373291016
1019,CFG,Financial Services,Banks - Regional,NYSE,111.89,83,91,84,78,15821045760.0,40.7599983215332
1020,ADUS,Healthcare,Medical Care Facilities,NASDAQ,111.86,83,88,84,62,1952976896.0,133.2899932861328
1021,HAS,Consumer Cyclical,Leisure,NASDAQ,111.85,82,79,54,48,8444842496.0,71.94999694824219
1022,OFG,Financial Services,Banks—Regional,NYSE,111.83,82,86,80,76,1718486272.0,44.15999984741211
1023,MATX,Industrials,Marine Shipping,NYSE,111.83,82,83,91,83,4108042752.0,142.63999938964844
1024,CVCO,Consumer Cyclical,Residential Construction,NASDAQ,111.8,82,82,58,80,2936401664.0,428.6300048828125
1025,JWN,Consumer Cyclical,Department Stores,NYSE,111.8,82,73,80,69,3559365632.0,23.209999084472656
1026,SF,Financial Services,Capital Markets,NYSE,111.77,82,78,87,80,8308156416.0,92.83000183105467
1028,ARES,Financial Services,Asset Management,NYSE,111.74,82,76,80,85,42188578816.0,157.3300018310547
1029,MAS,Industrials,Building Products & Equipment,NYSE,111.73,82,80,53,87,15282731008.0,83.05000305175781
1030,BPOP,Financial Services,Banks - Regional,NASDAQ,111.72,82,84,84,83,6132261888.0,100.27999877929688
1031,BSX,Healthcare,Medical Devices,NYSE,111.71,82,80,89,80,112189431808.0,83.51000213623047
1032,PM,Consumer Defensive,Tobacco,NYSE,111.7,82,84,72,36,157383655424.0,121.20999908447266
1033,CMA,Financial Services,Banks - Regional,NYSE,111.68,82,76,65,74,6250150912.0,60.459999084472656
1034,ICCH,Financial Services,Insurance—Specialty,NASDAQ,111.65,82,88,88,34,70245384.0,22.96999931335449
1036,HSII,Industrials,Staffing & Employment Services,NASDAQ,111.6,82,76,70,74,671642688.0,37.880001068115234
1037,WIX,Technology,Software—Infrastructure,NASDAQ,111.59,82,87,94,88,9369390080.0,164.2899932861328
1038,MTG,Financial Services,Insurance—Specialty,NYSE,111.58,82,86,79,84,5603659264.0,25.290000915527344
1039,LLYVA,Communication Services,Entertainment,NASDAQ,111.57,82,53,46,66,3264319488.0,45.81999969482422
1041,FMAO,Financial Services,Banks—Regional,NASDAQ,111.57,82,87,67,38,299501152.0,27.440000534057617
1042,PDT,Financial Services,Asset Management,NYSE,111.56,82,77,74,64,555300928.0,13.43000030517578
1043,BWB,Financial Services,Banks - Regional,NASDAQ,111.56,82,78,58,48,296460416.0,14.15999984741211
1044,SHW,Basic Materials,Specialty Chemicals,NYSE,111.55,82,78,47,81,76112871424.0,381.55999755859375
1045,NEE,Utilities,Utilities—Regulated Electric,NYSE,111.54,82,78,76,36,144721100800.0,84.29000091552734
1047,DSGR,Industrials,Industrial Distribution,NASDAQ,111.52,82,75,45,84,1418240000.0,38.15999984741211
1048,CBU,Financial Services,Banks - Regional,NYSE,111.5,82,89,49,35,2323515904.0,57.84999847412109
1049,BTI,Consumer Defensive,Tobacco,NYSE,111.49,82,79,61,39,69157666816.0,38.09999847412109
1050,AORT,Healthcare,Medical Devices,NYSE,111.49,82,87,92,86,967820736.0,25.5
1056,JHG,Financial Services,Asset Management,NYSE,111.36,82,83,81,78,5381895680.0,38.68000030517578
1057,PAR,Technology,Software—Application,NYSE,111.32,82,81,78,72,1564950272.0,55.83000183105469
1058,FBP,Financial Services,Banks - Regional,NYSE,111.29,82,87,86,82,2917465600.0,20.549999237060547
1059,CIEN,Technology,Communication Equipment,NYSE,111.29,82,71,55,50,6693778944.0,60.52999877929688
1060,AZZ,Industrials,Specialty Business Services,NYSE,111.28,82,84,91,93,2355742720.0,82.01000213623047
1061,TDS,Communication Services,Telecom Services,NYSE,111.28,82,81,94,81,2372625664.0,22.920000076293945
1062,EXPO,Industrials,Engineering & Construction,NASDAQ,111.25,82,78,72,25,4888670720.0,112.77999877929688
1064,EXR,Real Estate,REIT - Industrial,NYSE,111.24,82,87,71,42,35114389504.0,182.16000366210935
1065,FCAP,Financial Services,Banks - Regional,NASDAQ,111.24,82,51,60,45,100197496.0,36.5
1067,MGNI,Communication Services,Advertising Agencies,NASDAQ,111.2,82,89,90,57,1866519936.0,13.170000076293944
1070,VERX,Technology,Software—Application,NASDAQ,111.16,82,88,92,89,5290938880.0,37.380001068115234
1071,WLY,Communication Services,Publishing,NYSE,111.16,82,89,78,70,1967611264.0,46.9900016784668
1072,KTOS,Industrials,Aerospace & Defense,NASDAQ,111.14,82,71,80,69,3031979776.0,23.21999931335449
1073,MTB,Financial Services,Banks—Regional,NYSE,111.12,82,80,77,63,24497506304.0,174.7899932861328
1074,OR,Basic Materials,Gold,NYSE,111.11,82,77,63,75,3100466176.0,18.57999992370605
1075,PODD,Healthcare,Medical Devices,NASDAQ,111.09,82,39,58,16,13755758592.0,239.00999450683597
1076,MLR,Consumer Cyclical,Auto Parts,NYSE,111.08,82,87,89,85,653790016.0,60.54999923706055
1077,FMBH,Financial Services,Banks—Regional,NASDAQ,111.07,82,87,75,60,738395648.0,38.88999938964844
1078,AGYS,Technology,Software - Application,NASDAQ,111.06,82,85,91,58,2550769920.0,107.91000366210938
1080,BRX,Real Estate,REIT - Retail,NYSE,111.04,82,84,59,49,6718967808.0,27.88999938964844
1081,BRO,Financial Services,Insurance Brokers,NYSE,111.0,81,81,81,82,26359861248.0,103.36000061035156
1082,AGS,Consumer Cyclical,Gambling,NYSE,110.99,81,84,95,80,456094048.0,11.350000381469728
1083,UL,Consumer Defensive,Household & Personal Products,NYSE,110.98,81,81,74,37,140384763904.0,64.7699966430664
1084,CHKP,Technology,Software - Infrastructure,NASDAQ,110.97,81,83,73,72,17965602816.0,195.2899932861328
1085,SMBC,Financial Services,Banks—Regional,NASDAQ,110.94,81,88,61,38,461365856.0,55.02999877929688
1087,CECO,Industrials,Pollution & Treatment Controls,NASDAQ,110.91,81,91,95,91,845439104.0,28.059999465942383
1090,DRS,Industrials,Aerospace & Defense,NASDAQ,110.82,81,88,90,77,6870637568.0,27.15999984741211
1091,AMRC,Industrials,Engineering & Construction,NYSE,110.81,81,36,33,10,1747062528.0,37.75
1092,AXS,Financial Services,Insurance - Specialty,NYSE,110.81,81,80,85,75,5995621376.0,79.16999816894531
1093,CCS,Consumer Cyclical,Residential Construction,NYSE,110.81,81,85,43,77,2553436928.0,101.91999816894533
1097,COST,Consumer Defensive,Discount Stores,NASDAQ,110.72,81,86,91,79,386033942528.0,901.5399780273438
1100,FIS,Technology,Information Technology Services,NYSE,110.67,81,81,86,81,42859143168.0,84.02999877929688
1101,CUBE,Real Estate,REIT - Industrial,NYSE,110.59,81,82,57,45,10186269696.0,53.93999862670898
1102,CDP,Real Estate,REIT - Office,NYSE,110.59,81,78,62,36,2819211776.0,30.40999984741211
1104,PNFP,Financial Services,Banks—Regional,NASDAQ,110.58,81,85,69,78,5889714176.0,97.91000366210938
1105,BLX,Financial Services,Banks - Regional,NYSE,110.57,81,71,85,89,1058926272.0,32.63999938964844
1107,CAC,Financial Services,Banks - Regional,NASDAQ,110.55,81,81,59,31,466391936.0,39.619998931884766
1108,IFF,Basic Materials,Specialty Chemicals,NYSE,110.53,81,83,84,62,24549445632.0,104.58999633789062
1109,WHD,Energy,Oil & Gas Equipment & Services,NYSE,110.52,81,82,72,67,3469287424.0,63.060001373291016
1110,TOWN,Financial Services,Banks—Regional,NASDAQ,110.49,81,86,62,56,1963518464.0,33.310001373291016
1111,CZWI,Financial Services,Banks—Regional,NASDAQ,110.46,81,76,71,70,117799312.0,14.020000457763672
1112,RDWR,Technology,Software—Infrastructure,NASDAQ,110.42,81,79,48,51,720824000.0,21.989999771118164
1113,AROC,Energy,Oil & Gas Equipment & Services,NYSE,110.41,81,82,93,94,2983499776.0,21.01000022888184
1114,ELME,Real Estate,REIT—Residential,NYSE,110.4,81,79,76,28,1345582592.0,18.0
1116,SCD,Financial Services,Asset Management,NYSE,110.4,81,78,81,79,264607632.0,17.43000030517578
1120,KIM,Real Estate,REIT—Retail,NYSE,110.29,81,83,54,37,12673379328.0,23.6299991607666
1121,CPT,Real Estate,REIT - Residential,NYSE,110.29,81,82,74,35,11678366720.0,126.51000213623048
1124,MFA,Real Estate,REIT—Mortgage,NYSE,110.26,81,77,58,69,1117797888.0,12.970000267028809
1126,WT,Financial Services,Asset Management,NYSE,110.24,81,83,89,90,1460479488.0,10.300000190734863
1127,FCF,Financial Services,Banks - Regional,NYSE,110.21,81,85,56,44,1347251456.0,16.75
1129,TOST,Technology,Software—Infrastructure,NYSE,110.13,81,70,82,81,12524477440.0,27.989999771118164
1131,VLGEA,Consumer Defensive,Grocery Stores,NASDAQ,110.11,81,74,63,73,393968288.0,31.440000534057617
1132,LEGH,Consumer Cyclical,Residential Construction,NASDAQ,110.1,81,69,57,30,555388864.0,27.459999084472656
1133,NI,Utilities,Utilities—Regulated Gas,NYSE,110.08,81,79,71,49,12583920640.0,34.25
1134,VABK,Financial Services,Banks—Regional,NASDAQ,110.07,81,78,60,27,158441840.0,40.97999954223633
1137,CASH,Financial Services,Banks - Regional,NASDAQ,110.02,81,84,78,48,1344143232.0,65.55999755859375
1138,BCOW,Financial Services,Banks - Regional,NASDAQ,110.02,81,79,76,32,45377692.0,9.229999542236328
1139,USFD,Consumer Defensive,Food Distribution,NYSE,109.98,81,77,74,81,13060455424.0,61.790000915527344
1140,WAFD,Financial Services,Banks—Regional,NASDAQ,109.98,81,88,54,37,2142023296.0,34.619998931884766
1141,SBGI,Communication Services,Entertainment,NASDAQ,109.97,80,66,67,51,747809152.0,14.770000457763672
1142,FI,Technology,Information Technology Services,NYSE,109.97,80,78,70,82,88014184448.0,177.35000610351562
1143,FA,Industrials,Specialty Business Services,NASDAQ,109.97,80,75,59,60,2352207616.0,19.5
1144,TRN,Industrials,Railroads,NYSE,109.97,80,78,79,64,2386331904.0,34.189998626708984
1148,UTG,Financial Services,Asset Management,NYSE MKT,109.93,80,70,65,49,2190129152.0,32.33000183105469
1149,ROIC,Real Estate,REIT—Retail,NASDAQ,109.92,80,84,42,33,1565135104.0,15.75
1151,SPG,Real Estate,REIT—Retail,NYSE,109.85,80,84,81,81,56982765568.0,170.11000061035156
1153,EE,Energy,Oil & Gas Midstream,NYSE,109.84,80,74,69,28,1873633664.0,21.670000076293945
1155,CCD,Financial Services,Asset Management,NASDAQ,109.81,80,74,78,66,597296704.0,25.09000015258789
1158,BAM,Financial Services,Asset Management,NYSE,109.8,80,65,55,78,14838102016.0,47.220001220703125
1160,WSBF,Financial Services,Banks—Regional,NASDAQ,109.78,80,78,55,24,235724400.0,15.119999885559082
1161,INFY,Technology,Information Technology Services,NYSE,109.77,80,83,70,45,74292469760.0,22.57999992370605
1162,PKBK,Financial Services,Banks—Regional,NASDAQ,109.74,80,79,50,33,183150480.0,21.0
1163,GS,Financial Services,Capital Markets,NYSE,109.74,80,87,87,77,147504250880.0,498.0199890136719
1164,AROW,Financial Services,Banks - Regional,NASDAQ,109.73,80,88,82,58,417452512.0,28.729999542236328
1166,ESRT,Real Estate,REIT—Diversified,NYSE,109.7,80,72,64,75,2667201536.0,11.31999969482422
1167,DXPE,Industrials,Industrial Distribution,NASDAQ,109.67,80,87,72,93,748152256.0,52.2599983215332
1169,BTO,Financial Services,Asset Management,NYSE,109.61,80,82,58,48,532719392.0,33.16999816894531
1170,TRP,Energy,Oil & Gas Midstream,NYSE,109.61,80,80,50,53,40787722240.0,47.02000045776367
1171,TMUS,Communication Services,Telecom Services,NASDAQ,109.61,80,84,80,60,211741573120.0,201.44000244140625
1172,BOX,Technology,Software - Infrastructure,NYSE,109.6,80,54,41,55,3708511488.0,32.650001525878906
1173,FBMS,Financial Services,Banks - Regional,NYSE,109.59,80,86,45,29,751434112.0,32.08000183105469
1174,RM,Financial Services,Credit Services,NYSE,109.58,80,83,73,28,268285984.0,32.150001525878906
1175,FCPT,Real Estate,REIT—Retail,NYSE,109.52,80,74,57,35,2247264256.0,29.709999084472656
1176,RY,Financial Services,Banks—Diversified,NYSE,109.49,80,77,73,54,146898403328.0,123.66000366210938
1178,EIX,Utilities,Utilities—Regulated Electric,NYSE,109.48,80,79,61,47,27502145536.0,85.94000244140625
1180,NVRI,Industrials,Waste Management,NYSE,109.45,80,94,45,59,671264832.0,10.600000381469728
1181,RNP,Financial Services,Asset Management,NYSE,109.45,80,80,69,64,954718400.0,23.489999771118164
1182,KRG,Real Estate,REIT—Retail,NYSE,109.44,80,80,58,35,4871503360.0,26.76000022888184
1184,SHBI,Financial Services,Banks—Regional,NASDAQ,109.41,80,83,47,26,354496896.0,13.989999771118164
1185,FLEX,Technology,Electronic Components,NASDAQ,109.4,80,82,87,87,12699888640.0,32.150001525878906
1186,SO,Utilities,Utilities—Regulated Electric,NYSE,109.35,80,78,76,47,86348169216.0,89.7300033569336
1188,CLH,Industrials,Waste Management,NYSE,109.33,80,85,87,78,12240031744.0,248.3600006103516
1189,KB,Financial Services,Banks—Regional,NYSE,109.31,80,90,89,83,21525770240.0,61.400001525878906
1191,FGBIP,Financial Services,Banks—Regional,NASDAQ,109.27,80,68,55,31,,22.100000381469727
1192,SKT,Real Estate,REIT—Retail,NYSE,109.27,80,72,63,78,2917538048.0,32.439998626708984
1193,BIPC,Utilities,Utilities - Regulated Gas,NYSE,109.25,80,74,35,25,4397706752.0,42.77999877929688
1195,EHC,Healthcare,Medical Care Facilities,NYSE,109.24,80,76,81,82,8594471936.0,95.26000213623048
1196,AMT,Real Estate,REIT - Specialty,NYSE,109.23,80,77,58,38,90023444480.0,236.47000122070312
1198,GHLD,Financial Services,Mortgage Finance,NYSE,109.2,80,82,80,79,901762688.0,17.1299991607666
1200,SNV,Financial Services,Banks—Regional,NYSE,109.17,79,87,83,78,5359703552.0,43.720001220703125
1202,CWEN,Utilities,Utilities - Renewable,NYSE,109.16,79,77,59,31,5071114240.0,29.959999084472656
1204,ING,Financial Services,Banks—Diversified,NYSE,109.13,79,78,85,80,55016312832.0,18.459999084472656
1205,UE,Real Estate,REIT—Retail,NYSE,109.11,79,83,75,51,2210431488.0,21.34000015258789
1206,PKG,Consumer Cyclical,Packaging & Containers,NYSE,109.09,79,80,76,82,16691652608.0,215.1199951171875
1207,MYGN,Healthcare,Diagnostics & Research,NASDAQ,109.08,79,86,84,52,2163141120.0,26.549999237060547
1208,TW,Financial Services,Capital Markets,NASDAQ,109.06,79,69,85,80,22828900352.0,121.91999816894533
1209,BKDT,,,NYSE,109.05,79,83,93,73,,91.02999877929688
1210,SPFI,Financial Services,Banks—Regional,NASDAQ,108.98,79,85,60,43,426247616.0,33.25
1212,KMI,Energy,Oil & Gas Midstream,NYSE,108.96,79,78,79,60,43810562048.0,22.21999931335449
1214,WES,Energy,Oil & Gas Midstream,NYSE,108.9,79,80,92,86,14957102080.0,39.02000045776367
1216,KFY,Industrials,Staffing & Employment Services,NYSE,108.84,79,79,83,78,3458948864.0,73.70999908447266
1222,BNL,Real Estate,REIT - Diversified,NYSE,108.8,79,80,61,33,3045740800.0,18.799999237060547
1223,BBSI,Industrials,Staffing & Employment Services,NASDAQ,108.8,79,82,86,82,876483072.0,36.59000015258789
1225,GOOD,Real Estate,REIT—Diversified,NASDAQ,108.78,79,74,77,64,574010624.0,15.859999656677246
1226,WKC,Energy,Oil & Gas Refining & Marketing,NYSE,108.77,79,77,71,71,1557197056.0,30.90999984741211
1227,MANH,Technology,Software—Application,NASDAQ,108.73,79,71,74,81,14614846464.0,286.0
1228,AVO,Consumer Defensive,Food Distribution,NASDAQ,108.72,79,38,32,58,707678720.0,12.770000457763672
1229,COLL,Healthcare,Drug Manufacturers - Specialty & Generic,NASDAQ,108.72,79,79,73,90,1051796928.0,37.790000915527344
1230,SHOO,Consumer Cyclical,Footwear & Accessories,NASDAQ,108.72,79,65,75,69,3218368000.0,49.0099983215332
1232,CYBR,Technology,Software - Infrastructure,NASDAQ,108.69,79,86,91,91,11004565504.0,284.510009765625
1235,MXC,Energy,Oil & Gas E&P,NYSE MKT,108.66,79,41,44,60,23213228.0,13.6899995803833
1236,USM,Communication Services,Telecom Services,NYSE,108.66,79,84,97,83,4746383360.0,54.93000030517578
1238,CCBG,Financial Services,Banks - Regional,NASDAQ,108.64,79,80,44,31,459330176.0,34.68000030517578
1239,GOLD,Basic Materials,Gold,NYSE,108.64,79,82,51,50,28828760064.0,20.43000030517578
1240,BPYPO,Real Estate,Real Estate Services,NASDAQ,108.61,79,51,49,67,,15.854999542236328
1242,INGR,Consumer Defensive,Packaged Foods,NYSE,108.59,79,76,63,61,7598697984.0,135.75
1244,MCO,Financial Services,Financial Data & Stock Exchanges,NYSE,108.59,79,83,78,69,76710379520.0,479.3800048828125
1246,BRC,Industrials,Security & Protection Services,NYSE,108.56,79,80,82,57,3159814144.0,75.95999908447266
1247,BCO,Industrials,Security & Protection Services,NYSE,108.56,79,82,88,78,4528454656.0,111.87999725341795
1248,RF,Financial Services,Banks—Regional,NYSE,108.54,79,83,67,67,17382395904.0,22.920000076293945
1249,KYN,Financial Services,Asset Management,NYSE,108.54,79,77,85,76,1728467712.0,11.420000076293944
1250,CMI,Industrials,Specialty Industrial Machinery,NYSE,108.52,79,78,67,80,37448998912.0,323.5599975585937
1251,FMNB,Financial Services,Banks—Regional,NASDAQ,108.51,79,77,45,48,453602784.0,14.979999542236328
1252,HLIT,Technology,Communication Equipment,NASDAQ,108.48,79,80,37,55,1292450816.0,14.399999618530272
1254,FLUT,Consumer Cyclical,Gambling,NYSE,108.45,79,64,43,66,32815335424.0,228.1699981689453
1255,DCO,Industrials,Aerospace & Defense,NYSE,108.45,79,80,84,38,857077312.0,64.08000183105469
1256,ACVA,Consumer Cyclical,Auto & Truck Dealerships,NASDAQ,108.42,79,61,65,82,2923708416.0,20.920000076293945
1257,IBEX,Technology,Information Technology Services,NASDAQ,108.38,79,45,40,14,271815360.0,19.989999771118164
1258,ARMK,Industrials,Specialty Business Services,NYSE,108.38,79,75,79,74,8889128960.0,37.25
1259,IP,Consumer Cyclical,Packaging & Containers,NYSE,108.37,79,86,85,68,16064105472.0,48.63999938964844
